ISO-10303-21;
HEADER;
FILE_DESCRIPTION (( 'STEP AP214' ),
    '1' );
FILE_NAME ('MOV-10D561K.STEP',
    '2025-10-02T01:14:19',
    ( '' ),
    ( '' ),
    'SwSTEP 2.0',
    'SolidWorks 2021',
    '' );
FILE_SCHEMA (( 'AUTOMOTIVE_DESIGN' ));
ENDSEC;

DATA;
#1 = DIRECTION ( 'NONE',  ( -0.000000000000000000, 1.000000000000000000, -0.000000000000000000 ) ) ;
#2 = CARTESIAN_POINT ( 'NONE',  ( -4.208790639398521272, 5.428560130740077483, -2.791563740961624518 ) ) ;
#3 = CARTESIAN_POINT ( 'NONE',  ( 2.754288455902961008, 3.622356824170750667, 1.805196002199346728 ) ) ;
#4 = CARTESIAN_POINT ( 'NONE',  ( 3.814993790226419268, 5.388689192024894936, 2.898478459538903707 ) ) ;
#5 = CARTESIAN_POINT ( 'NONE',  ( -2.596752087304714074, 3.564673927101328577, -1.100478667572241998 ) ) ;
#6 = DIRECTION ( 'NONE',  ( -0.000000000000000000, -1.000000000000000000, -0.000000000000000000 ) ) ;
#7 = DIRECTION ( 'NONE',  ( 0.000000000000000000, -1.000000000000000000, 0.000000000000000000 ) ) ;
#8 = CARTESIAN_POINT ( 'NONE',  ( 3.045811278420405888, 3.344773233321750805, 1.186968303197348362 ) ) ;
#9 = CARTESIAN_POINT ( 'NONE',  ( 3.692525294554049431, 5.371318098431817845, 2.910607800350945240 ) ) ;
#10 = DIRECTION ( 'NONE',  ( 0.000000000000000000, 0.000000000000000000, 1.000000000000000000 ) ) ;
#11 = CARTESIAN_POINT ( 'NONE',  ( 3.967828858438516182, 5.526943720726056775, 2.884838844834134886 ) ) ;
#12 = COLOUR_RGB ( '',0.000000000000000000, 0.5882352941176470784, 1.000000000000000000 ) ;
#13 = CARTESIAN_POINT ( 'NONE',  ( -4.311135032700952330, 5.452594688976466486, -2.732408223852081708 ) ) ;
#14 = CIRCLE ( 'NONE', #987, 0.3000000000000001554 ) ;
#15 = ORIENTED_EDGE ( 'NONE', *, *, #32, .F. ) ;
#16 = ADVANCED_FACE ( 'NONE', ( #795 ), #1298, .T. ) ;
#17 = CARTESIAN_POINT ( 'NONE',  ( 4.481425900438030574, 5.466868196003352054, 2.635437975032387747 ) ) ;
#18 = DIRECTION ( 'NONE',  ( 0.000000000000000000, -1.000000000000000000, 0.000000000000000000 ) ) ;
#19 = CARTESIAN_POINT ( 'NONE',  ( 2.534677881626863805, 3.755709945628976421, 2.432795491389808884 ) ) ;
#20 = CARTESIAN_POINT ( 'NONE',  ( -4.763787208294679942, 5.207022503931240109, -1.938201310830563573 ) ) ;
#21 = ORIENTED_EDGE ( 'NONE', *, *, #308, .T. ) ;
#22 = CARTESIAN_POINT ( 'NONE',  ( -4.725057509275890411, 5.039557453257516251, -1.627389938691725213 ) ) ;
#23 = CARTESIAN_POINT ( 'NONE',  ( 2.474256418691050730, 3.671140232639268142, 2.331490561895882330 ) ) ;
#24 = EDGE_CURVE ( 'NONE', #772, #1040, #390, .T. ) ;
#25 = CARTESIAN_POINT ( 'NONE',  ( -3.750000000000000444, 0.000000000000000000, -2.300000000000000266 ) ) ;
#26 = CARTESIAN_POINT ( 'NONE',  ( 3.328451483121391163, 4.480249885783680774, 2.812332385026876214 ) ) ;
#27 = CARTESIAN_POINT ( 'NONE',  ( 4.541314698397294514, 4.768647397807154853, 1.275610951547508254 ) ) ;
#28 = ORIENTED_EDGE ( 'NONE', *, *, #862, .T. ) ;
#29 = DIRECTION ( 'NONE',  ( 1.000000000000000000, 0.000000000000000000, 0.000000000000000000 ) ) ;
#30 = CARTESIAN_POINT ( 'NONE',  ( -2.951029296076612241, 3.733696734959488062, -1.281589890151731748 ) ) ;
#31 = CARTESIAN_POINT ( 'NONE',  ( 3.675462346337418307, 5.224859281528138943, 2.900000000002734613 ) ) ;
#32 = EDGE_CURVE ( 'NONE', #1040, #146, #54, .T. ) ;
#33 = CARTESIAN_POINT ( 'NONE',  ( 3.750000000000000000, 0.000000000000000000, 1.500000000000001332 ) ) ;
#34 = AXIS2_PLACEMENT_3D ( 'NONE', #415, #142, #29 ) ;
#35 = EDGE_LOOP ( 'NONE', ( #946, #824, #1245, #261, #789 ) ) ;
#36 = AXIS2_PLACEMENT_3D ( 'NONE', #847, #40, #622 ) ;
#37 = CARTESIAN_POINT ( 'NONE',  ( -4.743320890011151647, 5.068179664022951059, -1.784615384615385825 ) ) ;
#38 = CARTESIAN_POINT ( 'NONE',  ( 3.588346740881279917, 5.174334076394460524, 2.889946059332662021 ) ) ;
#39 =( NAMED_UNIT ( * ) PLANE_ANGLE_UNIT ( ) SI_UNIT ( $, .RADIAN. ) );
#40 = DIRECTION ( 'NONE',  ( 0.000000000000000000, -1.000000000000000000, 0.000000000000000000 ) ) ;
#41 = DIRECTION ( 'NONE',  ( 0.000000000000000000, 0.000000000000000000, -1.000000000000000000 ) ) ;
#42 = ORIENTED_EDGE ( 'NONE', *, *, #222, .T. ) ;
#43 = CARTESIAN_POINT ( 'NONE',  ( 3.292637248724121335, 4.847181572155546903, 2.866684220664528215 ) ) ;
#44 = DIRECTION ( 'NONE',  ( 0.000000000000000000, 0.000000000000000000, 1.000000000000000000 ) ) ;
#45 = SURFACE_SIDE_STYLE ('',( #425 ) ) ;
#46 = CARTESIAN_POINT ( 'NONE',  ( 3.648177461296656432, 3.787279673053562057, 0.8999999999999660494 ) ) ;
#47 = EDGE_LOOP ( 'NONE', ( #240, #544, #531, #715 ) ) ;
#48 = CARTESIAN_POINT ( 'NONE',  ( 3.080493799843544434, 4.275564259787463683, 2.664264187487406677 ) ) ;
#49 = COLOUR_RGB ( '',0.7921568627450980005, 0.8196078431372548767, 0.9333333333333333481 ) ;
#50 = DIRECTION ( 'NONE',  ( 0.000000000000000000, 0.000000000000000000, 1.000000000000000000 ) ) ;
#51 = CARTESIAN_POINT ( 'NONE',  ( 2.742760432459655728, 3.171644254265757912, 1.904438231924735048 ) ) ;
#52 = CARTESIAN_POINT ( 'NONE',  ( -3.648177461296658208, 3.787279673053572715, -0.8999999999999643840 ) ) ;
#53 = ORIENTED_EDGE ( 'NONE', *, *, #375, .F. ) ;
#54 = CIRCLE ( 'NONE', #877, 0.9999999999999988898 ) ;
#55 = CIRCLE ( 'NONE', #1173, 0.4000000000000004108 ) ;
#56 = CARTESIAN_POINT ( 'NONE',  ( 4.741578715266648203, 5.176726520303340351, 1.769617383694772172 ) ) ;
#57 = EDGE_CURVE ( 'NONE', #1262, #1289, #217, .T. ) ;
#58 = VECTOR ( 'NONE', #143, 1000.000000000000000 ) ;
#59 = CARTESIAN_POINT ( 'NONE',  ( 4.270318129353536385, 5.405624896045418737, 2.756881687672277259 ) ) ;
#60 = CARTESIAN_POINT ( 'NONE',  ( 3.750000000000000000, 0.5999999999999998668, 2.299999999999998490 ) ) ;
#61 = CARTESIAN_POINT ( 'NONE',  ( 3.543767291123187668, 3.699809145121340404, 0.9151442947820097595 ) ) ;
#62 = CARTESIAN_POINT ( 'NONE',  ( -2.346071415062503718, 3.457034531828574675, -1.750000000000000666 ) ) ;
#63 = VERTEX_POINT ( 'NONE', #1011 ) ;
#64 = CARTESIAN_POINT ( 'NONE',  ( 4.727485768745188111, 5.043362932834746459, 1.648294292787776394 ) ) ;
#65 = CARTESIAN_POINT ( 'NONE',  ( -3.750000000000000444, -20.00000000000000000, -1.899999999999999911 ) ) ;
#66 = CARTESIAN_POINT ( 'NONE',  ( -3.080493799843655456, 4.275564259787290489, -2.664264187487464408 ) ) ;
#67 = CYLINDRICAL_SURFACE ( 'NONE', #262, 0.4000000000000004108 ) ;
#68 = EDGE_LOOP ( 'NONE', ( #1188, #880 ) ) ;
#69 = CARTESIAN_POINT ( 'NONE',  ( 2.346071415062505494, 3.457034531828569346, 1.750000000000000444 ) ) ;
#70 = CARTESIAN_POINT ( 'NONE',  ( 5.041317157014494121, 5.068179664022932407, 1.750000000000000888 ) ) ;
#71 = CARTESIAN_POINT ( 'NONE',  ( -4.178620446587258286, 4.599386700004918005, -0.7537276075153059862 ) ) ;
#72 =( NAMED_UNIT ( * ) SI_UNIT ( $, .STERADIAN. ) SOLID_ANGLE_UNIT ( ) );
#73 = CARTESIAN_POINT ( 'NONE',  ( -3.292637248724122223, 4.847181572155561113, -2.866684220664530436 ) ) ;
#74 = AXIS2_PLACEMENT_3D ( 'NONE', #444, #854, #1160 ) ;
#75 = ADVANCED_FACE ( 'NONE', ( #904 ), #183, .T. ) ;
#76 = CARTESIAN_POINT ( 'NONE',  ( 2.756679109988850129, 3.178972189356342515, 1.784615384615384936 ) ) ;
#77 = ORIENTED_EDGE ( 'NONE', *, *, #283, .F. ) ;
#78 = AXIS2_PLACEMENT_3D ( 'NONE', #553, #982, #86 ) ;
#79 = CIRCLE ( 'NONE', #748, 6.250000000000000000 ) ;
#80 = CARTESIAN_POINT ( 'NONE',  ( -4.294016805359735400, 4.706347384488900332, -0.8286461642376228287 ) ) ;
#81 = CARTESIAN_POINT ( 'NONE',  ( 4.225633435017014605, 5.424090746061686730, 2.783913576951892566 ) ) ;
#82 = CARTESIAN_POINT ( 'NONE',  ( -3.828682692191949677, 5.475245916822784942, -2.904808068505684293 ) ) ;
#83 = B_SPLINE_CURVE_WITH_KNOTS ( 'NONE', 3,
 ( #911, #681, #1092, #1283, #998, #1096, #102, #497, #2, #1213, #801, #700, #94, #587, #674, #1104 ),
 .UNSPECIFIED., .F., .F.,
 ( 4, 2, 2, 2, 2, 2, 2, 4 ),
 ( 0.000000000000000000, 0.0004443636413367793385, 0.0008887272826735586771, 0.001110909103341948265, 0.001333090924010337961, 0.001555272744678727658, 0.001666363655012922072, 0.001777454565347116487 ),
 .UNSPECIFIED. ) ;
#84 = DIRECTION ( 'NONE',  ( 0.1152588434438081011, 0.04667824785464089882, -0.9922381469109200491 ) ) ;
#85 = PRODUCT_RELATED_PRODUCT_CATEGORY ( 'part', '', ( #905 ) ) ;
#86 = DIRECTION ( 'NONE',  ( 0.000000000000000000, 0.000000000000000000, 1.000000000000000000 ) ) ;
#87 = CARTESIAN_POINT ( 'NONE',  ( -4.721520143823550342, 5.153380732222394123, -1.614985332627389303 ) ) ;
#88 = CARTESIAN_POINT ( 'NONE',  ( -4.823963436075016098, 5.276043916345923179, -1.847771813338641378 ) ) ;
#89 = CARTESIAN_POINT ( 'NONE',  ( 3.867310378457925690, 3.986202495307260119, 0.9000000000000094591 ) ) ;
#90 = CARTESIAN_POINT ( 'NONE',  ( 2.421570768845127120, 3.487448454580738044, 1.398418134371932631 ) ) ;
#91 = EDGE_CURVE ( 'NONE', #1138, #1030, #83, .T. ) ;
#92 = CARTESIAN_POINT ( 'NONE',  ( -3.589006269606387356, 3.736699089723712230, -0.9058024253079022259 ) ) ;
#93 = FACE_OUTER_BOUND ( 'NONE', #428, .T. ) ;
#94 = CARTESIAN_POINT ( 'NONE',  ( -3.858675025862968955, 5.419410466808447957, -2.894517379704614424 ) ) ;
#95 = AXIS2_PLACEMENT_3D ( 'NONE', #321, #216, #10 ) ;
#96 = ORIENTED_EDGE ( 'NONE', *, *, #375, .T. ) ;
#97 = CARTESIAN_POINT ( 'NONE',  ( 2.772743335626219441, 3.187429715935993446, 1.646321983417477375 ) ) ;
#98 = DIRECTION ( 'NONE',  ( 0.000000000000000000, 0.000000000000000000, 1.000000000000000000 ) ) ;
#99 = AXIS2_PLACEMENT_3D ( 'NONE', #1207, #164, #686 ) ;
#100 = AXIS2_PLACEMENT_3D ( 'NONE', #389, #693, #1095 ) ;
#101 = CARTESIAN_POINT ( 'NONE',  ( 4.822685432271781814, 5.293094951748110510, 1.944787921570162892 ) ) ;
#102 = CARTESIAN_POINT ( 'NONE',  ( -4.385470107922117222, 5.357333244463845290, -2.675341811293258321 ) ) ;
#103 = ORIENTED_EDGE ( 'NONE', *, *, #970, .F. ) ;
#104 = CARTESIAN_POINT ( 'NONE',  ( 2.756679109988850573, 3.178972189356342071, 1.784615384615384936 ) ) ;
#105 = CARTESIAN_POINT ( 'NONE',  ( 4.810417134555816432, 5.259713419869211037, 1.750000000000000444 ) ) ;
#106 = CARTESIAN_POINT ( 'NONE',  ( -2.764587712322230661, 3.628158447320848801, -1.691592863984313633 ) ) ;
#107 =( BOUNDED_SURFACE ( )  B_SPLINE_SURFACE ( 3, 2, ( 
 ( #843, #616, #305 ),
 ( #1123, #20, #213 ),
 ( #1224, #121, #707 ),
 ( #919, #1237, #735 ),
 ( #939, #427, #134 ),
 ( #128, #623, #508 ),
 ( #816, #714, #1110 ),
 ( #226, #13, #1131 ),
 ( #207, #516, #311 ),
 ( #1039, #610, #1034 ),
 ( #1022, #523, #1137 ),
 ( #1017, #932, #926 ),
 ( #412, #231, #634 ),
 ( #1231, #419, #629 ),
 ( #114, #530, #324 ),
 ( #405, #823, #317 ),
 ( #729, #721, #749 ),
 ( #857, #1052, #73 ),
 ( #542, #461, #362 ),
 ( #567, #66, #1067 ),
 ( #654, #1161, #145 ),
 ( #741, #955, #355 ),
 ( #1167, #1155, #1270 ),
 ( #150, #1046, #769 ),
 ( #978, #1251, #247 ),
 ( #156, #972, #1261 ),
 ( #239, #648, #266 ),
 ( #1175, #950, #756 ),
 ( #870, #169, #642 ),
 ( #659, #848, #163 ) ),
 .UNSPECIFIED., .F., .F., .T. ) 
 B_SPLINE_SURFACE_WITH_KNOTS ( ( 4, 2, 2, 2, 2, 2, 2, 2, 2, 2, 2, 2, 2, 2, 4 ),
 ( 3, 3 ),
 ( 0.000000000000000000, 0.0006789823455998026400, 0.001018473518399704014, 0.001357964691199605280, 0.001697455863999506546, 0.002036947036799408028, 0.002206692623199358553, 0.002376438209599309077, 0.002715929382399210560, 0.003394911727999013092, 0.004073894073598816057, 0.004413385246398717106, 0.004752876419198618155, 0.005092367591998520071, 0.005431858764798421120 ),
 ( 0.000000000000000000, 1.000000000000000000 ),
 .UNSPECIFIED. ) 
 GEOMETRIC_REPRESENTATION_ITEM ( )  RATIONAL_B_SPLINE_SURFACE ( (
 ( 1.000000000000000000, 0.9392885745891683680, 1.000000000000000000),
 ( 1.000000000000000000, 0.9397223454076106819, 1.000000000000000000),
 ( 1.000000000000000000, 0.9444164768006734212, 1.000000000000000000),
 ( 1.000000000000000000, 0.9550719748702080070, 1.000000000000000000),
 ( 1.000000000000000000, 0.9592736448541278049, 1.000000000000000000),
 ( 1.000000000000000000, 0.9679736781584528105, 1.000000000000000000),
 ( 1.000000000000000000, 0.9724951153754579636, 1.000000000000000000),
 ( 1.000000000000000000, 0.9811449030366576896, 1.000000000000000000),
 ( 1.000000000000000000, 0.9851536208689035679, 1.000000000000000000),
 ( 1.000000000000000000, 0.9916561570406177140, 1.000000000000000000),
 ( 1.000000000000000000, 0.9941676443791240825, 1.000000000000000000),
 ( 1.000000000000000000, 0.9944285305405836661, 1.000000000000000000),
 ( 1.000000000000000000, 0.9939022302454356694, 1.000000000000000000),
 ( 1.000000000000000000, 0.9916978348377329944, 1.000000000000000000),
 ( 1.000000000000000000, 0.9900770031590525599, 1.000000000000000000),
 ( 1.000000000000000000, 0.9839356079507489694, 1.000000000000000000),
 ( 1.000000000000000000, 0.9780859329654462142, 1.000000000000000000),
 ( 1.000000000000000000, 0.9557509358239028030, 1.000000000000000000),
 ( 1.000000000000000000, 0.9343894213388808101, 1.000000000000000000),
 ( 1.000000000000000000, 0.8764336620311947712, 1.000000000000000000),
 ( 1.000000000000000000, 0.8394325182682028652, 1.000000000000000000),
 ( 1.000000000000000000, 0.7711284572717405084, 1.000000000000000000),
 ( 1.000000000000000000, 0.7465300530131346868, 1.000000000000000000),
 ( 1.000000000000000000, 0.6946707336199327010, 1.000000000000000000),
 ( 1.000000000000000000, 0.6679501739135801364, 1.000000000000000000),
 ( 1.000000000000000000, 0.6174041028287834409, 1.000000000000000000),
 ( 1.000000000000000000, 0.5937034589112054617, 1.000000000000000000),
 ( 1.000000000000000000, 0.5621840164065555756, 1.000000000000000000),
 ( 1.000000000000000000, 0.5549276360822197329, 1.000000000000000000),
 ( 1.000000000000000000, 0.5599713031190363122, 1.000000000000000000) ) ) 
 REPRESENTATION_ITEM ( '' )  SURFACE ( )  );
#108 = CARTESIAN_POINT ( 'NONE',  ( 3.637887788543216150, 5.315716493172464752, 2.910044049716116188 ) ) ;
#109 = ORIENTED_EDGE ( 'NONE', *, *, #793, .T. ) ;
#110 = DIRECTION ( 'NONE',  ( 0.000000000000000000, 0.000000000000000000, 1.000000000000000000 ) ) ;
#111 = CARTESIAN_POINT ( 'NONE',  ( 4.334509473433699078, 5.505995125228814402, 2.744300332170143353 ) ) ;
#112 = DIRECTION ( 'NONE',  ( 0.000000000000000000, 0.000000000000000000, 1.000000000000000000 ) ) ;
#113 = CARTESIAN_POINT ( 'NONE',  ( 3.750000000000000000, 0.000000000000000000, 1.899999999999999911 ) ) ;
#114 = CARTESIAN_POINT ( 'NONE',  ( -3.716405387158833840, 5.274336902388649051, -2.899819173400269623 ) ) ;
#115 = EDGE_CURVE ( 'NONE', #808, #913, #365, .T. ) ;
#116 = ORIENTED_EDGE ( 'NONE', *, *, #712, .F. ) ;
#117 = PRESENTATION_LAYER_ASSIGNMENT (  '', '', ( #720 ) ) ;
#118 = CARTESIAN_POINT ( 'NONE',  ( -2.943232839652343280, 3.734557345150645968, -0.7705956375459878105 ) ) ;
#119 = CARTESIAN_POINT ( 'NONE',  ( 4.810417134555815544, 5.259713419869209261, 1.750000000000000444 ) ) ;
#120 = CARTESIAN_POINT ( 'NONE',  ( 4.823963436075013433, 5.276043916345900975, 1.847771813338641822 ) ) ;
#121 = CARTESIAN_POINT ( 'NONE',  ( -4.742298234708896665, 5.243009558810149073, -2.111447557351716853 ) ) ;
#122 = TOROIDAL_SURFACE ( 'NONE', #220, 5.050000000000000711, 1.199999999999999956 ) ;
#123 = EDGE_CURVE ( 'NONE', #297, #537, #1150, .T. ) ;
#124 = ORIENTED_EDGE ( 'NONE', *, *, #184, .T. ) ;
#125 = CARTESIAN_POINT ( 'NONE',  ( 4.703553956153543325, 5.382562859774261632, 2.356528573135147298 ) ) ;
#126 = CARTESIAN_POINT ( 'NONE',  ( -3.750000000000000444, 0.5999999999999946487, -0.8999999999999998002 ) ) ;
#127 = DIRECTION ( 'NONE',  ( 0.000000000000000000, -0.000000000000000000, -1.000000000000000000 ) ) ;
#128 = CARTESIAN_POINT ( 'NONE',  ( -4.491604098695659353, 5.304719119677644201, -2.576117759806418661 ) ) ;
#129 = ORIENTED_EDGE ( 'NONE', *, *, #168, .F. ) ;
#130 = CARTESIAN_POINT ( 'NONE',  ( 3.449658029019270433, 4.758584482349602851, 2.858350202087610370 ) ) ;
#131 = DIRECTION ( 'NONE',  ( 0.000000000000000000, 1.000000000000000000, 0.000000000000000000 ) ) ;
#132 = EDGE_CURVE ( 'NONE', #1088, #214, #1210, .T. ) ;
#133 = CARTESIAN_POINT ( 'NONE',  ( 3.622144001215156894, 5.118436257917955423, 2.893190521426804551 ) ) ;
#134 = CARTESIAN_POINT ( 'NONE',  ( -4.656874942888233448, 5.403555412782868217, -2.434065129862267529 ) ) ;
#135 = EDGE_LOOP ( 'NONE', ( #757, #765, #312, #498, #1035 ) ) ;
#136 = CARTESIAN_POINT ( 'NONE',  ( 4.597366259039392666, 5.014655927614771080, 1.142610104802544768 ) ) ;
#137 =( NAMED_UNIT ( * ) SI_UNIT ( $, .STERADIAN. ) SOLID_ANGLE_UNIT ( ) );
#138 = DIRECTION ( 'NONE',  ( -0.000000000000000000, 1.000000000000000000, -0.000000000000000000 ) ) ;
#139 = CARTESIAN_POINT ( 'NONE',  ( 4.671991953686460697, 4.956977352735980169, 1.492604034059693108 ) ) ;
#140 = EDGE_LOOP ( 'NONE', ( #1238, #77, #1148, #742, #1201 ) ) ;
#141 = CARTESIAN_POINT ( 'NONE',  ( 3.750000000000000000, 0.5999999999999946487, 1.899999999999999911 ) ) ;
#142 = DIRECTION ( 'NONE',  ( -0.000000000000000000, -0.000000000000000000, -1.000000000000000000 ) ) ;
#143 = DIRECTION ( 'NONE',  ( -0.000000000000000000, 1.000000000000000000, -0.000000000000000000 ) ) ;
#144 = CARTESIAN_POINT ( 'NONE',  ( -3.236109680096294738, 4.269289011504203479, -2.765788985691920221 ) ) ;
#145 = CARTESIAN_POINT ( 'NONE',  ( -2.831871187971559678, 4.169054406151230019, -2.682828558975203670 ) ) ;
#146 = VERTEX_POINT ( 'NONE', #330 ) ;
#147 = CARTESIAN_POINT ( 'NONE',  ( 2.838251497131434320, 3.842811207830945985, 2.358238722799399500 ) ) ;
#148 = DIRECTION ( 'NONE',  ( -0.000000000000000000, 1.000000000000000000, -0.000000000000000000 ) ) ;
#149 = CARTESIAN_POINT ( 'NONE',  ( 3.750000000000000000, -20.00000000000000000, 1.899999999999999911 ) ) ;
#150 = CARTESIAN_POINT ( 'NONE',  ( -2.883856863315016561, 3.501628012054546879, -2.404018201747629924 ) ) ;
#151 = VERTEX_POINT ( 'NONE', #33 ) ;
#152 = EDGE_CURVE ( 'NONE', #1088, #146, #1029, .T. ) ;
#153 = DIRECTION ( 'NONE',  ( -1.000000000000000000, 0.000000000000000000, 0.000000000000000000 ) ) ;
#154 = CARTESIAN_POINT ( 'NONE',  ( 4.744279792665328621, 5.127974918942682869, 2.078462916949954220 ) ) ;
#155 = DIRECTION ( 'NONE',  ( 1.000000000000000000, 0.000000000000000000, 0.000000000000000000 ) ) ;
#156 = CARTESIAN_POINT ( 'NONE',  ( -2.795135808124136201, 3.307800123523331415, -2.206169663148813687 ) ) ;
#157 = ORIENTED_EDGE ( 'NONE', *, *, #1246, .T. ) ;
#158 = TOROIDAL_SURFACE ( 'NONE', #323, 5.050000000000000711, 1.199999999999999956 ) ;
#159 = CARTESIAN_POINT ( 'NONE',  ( 4.683869682947637614, 4.975194704945733903, 1.522460706508747652 ) ) ;
#160 = FILL_AREA_STYLE_COLOUR ( '', #1082 ) ;
#161 = CIRCLE ( 'NONE', #1248, 0.4000000000000004108 ) ;
#162 = CARTESIAN_POINT ( 'NONE',  ( -6.249999999999993783, 9.250000000000001776, 2.950000000000000178 ) ) ;
#163 = CARTESIAN_POINT ( 'NONE',  ( -2.346071415062503718, 3.457034531828574675, -1.750000000000000888 ) ) ;
#164 = DIRECTION ( 'NONE',  ( 0.000000000000000000, -1.000000000000000000, 0.000000000000000000 ) ) ;
#165 = ORIENTED_EDGE ( 'NONE', *, *, #1099, .T. ) ;
#166 = CARTESIAN_POINT ( 'NONE',  ( 4.492524556570075767, 4.701206046450913334, 1.221189577265931137 ) ) ;
#167 = CARTESIAN_POINT ( 'NONE',  ( 7.048691602742868843E-15, 9.250000000000001776, 1.750000000000000444 ) ) ;
#168 = EDGE_CURVE ( 'NONE', #195, #63, #584, .T. ) ;
#169 = CARTESIAN_POINT ( 'NONE',  ( -2.751907014021271358, 3.624835951968565784, -1.841341562725688386 ) ) ;
#170 = CARTESIAN_POINT ( 'NONE',  ( -3.750000000000000444, 0.5999999999999998668, -2.300000000000000266 ) ) ;
#171 = ORIENTED_EDGE ( 'NONE', *, *, #930, .F. ) ;
#172 = B_SPLINE_CURVE_WITH_KNOTS ( 'NONE', 3,
 ( #62, #872, #371, #1169, #357, #782, #679, #786, #1186, #673, #991, #1085, #878, #457, #777, #82, #865, #1176, #667, #568, #260, #1286, #586, #481, #660, #1278, #88, #890 ),
 .UNSPECIFIED., .F., .F.,
 ( 4, 2, 2, 2, 2, 2, 2, 2, 2, 2, 2, 2, 2, 4 ),
 ( 0.000000000000000000, 0.0002994798046422217320, 0.0005989596092844429219, 0.001197919218568886278, 0.001796878827853328224, 0.002395838437137770387, 0.002695318241779991360, 0.002994798046422211899, 0.003144537948743322386, 0.003294277851064433740, 0.003593757655706656447, 0.004192717264991102297, 0.004492197069633325004, 0.004791676874275546845 ),
 .UNSPECIFIED. ) ;
#173 = CARTESIAN_POINT ( 'NONE',  ( 4.721520143823537907, 5.153380732222365701, 1.614985332627419501 ) ) ;
#174 = ADVANCED_FACE ( 'NONE', ( #432 ), #107, .F. ) ;
#175 = CARTESIAN_POINT ( 'NONE',  ( 4.656874942888174829, 5.403555412782866441, 2.434065129862333698 ) ) ;
#176 = DIRECTION ( 'NONE',  ( 0.000000000000000000, 0.000000000000000000, -1.000000000000000000 ) ) ;
#177 = CARTESIAN_POINT ( 'NONE',  ( 3.750000000000000000, 15.50100000000000122, 1.899999999999999911 ) ) ;
#178 = CARTESIAN_POINT ( 'NONE',  ( 2.418147316460270702, 3.486058087481682222, 1.408125179641890323 ) ) ;
#179 = CARTESIAN_POINT ( 'NONE',  ( 4.438601263924581986, 5.331594045699511675, 2.628493756423310401 ) ) ;
#180 =( GEOMETRIC_REPRESENTATION_CONTEXT ( 3 ) GLOBAL_UNCERTAINTY_ASSIGNED_CONTEXT ( ( #255 ) ) GLOBAL_UNIT_ASSIGNED_CONTEXT ( ( #1136, #633, #72 ) ) REPRESENTATION_CONTEXT ( 'NONE', 'WORKASPACE' ) );
#181 = CARTESIAN_POINT ( 'NONE',  ( -3.523930756323827129, 4.085995860047749062, -0.9026237996489236970 ) ) ;
#182 = FACE_OUTER_BOUND ( 'NONE', #655, .T. ) ;
#183 = CYLINDRICAL_SURFACE ( 'NONE', #1125, 0.9999999999999986677 ) ;
#184 = EDGE_CURVE ( 'NONE', #1156, #279, #638, .T. ) ;
#185 = ORIENTED_EDGE ( 'NONE', *, *, #518, .T. ) ;
#186 = CARTESIAN_POINT ( 'NONE',  ( 2.954622007809760476, 3.740664908559486523, 0.7640057271746267809 ) ) ;
#187 = CARTESIAN_POINT ( 'NONE',  ( -4.727485768745175676, 5.043362932835401047, -1.648294292787660709 ) ) ;
#188 = DIRECTION ( 'NONE',  ( 0.000000000000000000, 0.000000000000000000, 1.000000000000000000 ) ) ;
#189 = DIRECTION ( 'NONE',  ( -0.000000000000000000, -1.000000000000000000, -0.000000000000000000 ) ) ;
#190 = CARTESIAN_POINT ( 'NONE',  ( -4.327022774165655505, 4.488252060966022583, -1.075881667952857335 ) ) ;
#191 = DIRECTION ( 'NONE',  ( 1.000000000000000000, 0.000000000000000000, 0.000000000000000000 ) ) ;
#192 = CARTESIAN_POINT ( 'NONE',  ( -3.750000000000000444, 15.50100000000000122, -1.899999999999999911 ) ) ;
#193 = VERTEX_POINT ( 'NONE', #466 ) ;
#194 = VECTOR ( 'NONE', #148, 1000.000000000000000 ) ;
#195 = VERTEX_POINT ( 'NONE', #965 ) ;
#196 = CARTESIAN_POINT ( 'NONE',  ( 3.358755138821053254, 3.555568868295324148, 0.9719508324712728964 ) ) ;
#197 = CARTESIAN_POINT ( 'NONE',  ( 4.606736336815820287, 5.331414444538997266, 2.423266449638676434 ) ) ;
#198 = CARTESIAN_POINT ( 'NONE',  ( -4.790769144550273140, 5.236027144238580178, -1.572736246960120710 ) ) ;
#199 = B_SPLINE_CURVE_WITH_KNOTS ( 'NONE', 3,
 ( #807, #713, #384, #925, #1204, #19, #1109, #396, #212, #411, #596, #1102, #794, #108, #609, #918, #206, #11, #590, #1016, #815, #822, #316, #502, #699, #101, #120, #200 ),
 .UNSPECIFIED., .F., .F.,
 ( 4, 2, 2, 2, 2, 2, 2, 2, 2, 2, 2, 2, 2, 4 ),
 ( 0.000000000000000000, 0.0002994798046422189673, 0.0005989596092844379346, 0.001197919218568877604, 0.001796878827853317815, 0.002395838437137758244, 0.002695318241779977916, 0.002994798046422197588, 0.003144537948743308074, 0.003294277851064420729, 0.003593757655706642136, 0.004192717264991086684, 0.004492197069633308525, 0.004791676874275530365 ),
 .UNSPECIFIED. ) ;
#200 = CARTESIAN_POINT ( 'NONE',  ( 4.810417134555815544, 5.259713419869209261, 1.750000000000000444 ) ) ;
#201 = CARTESIAN_POINT ( 'NONE',  ( 3.750000000000000000, 15.50100000000000122, 1.899999999999999911 ) ) ;
#202 = CARTESIAN_POINT ( 'NONE',  ( 2.861946288476993061, 3.683109242467497602, 1.425457921033919773 ) ) ;
#203 = CARTESIAN_POINT ( 'NONE',  ( 3.718886107161540444, 5.344126662319488297, 2.900635627071217026 ) ) ;
#204 = CARTESIAN_POINT ( 'NONE',  ( -6.249999999999993783, 9.250000000000001776, -1.750000000000000666 ) ) ;
#205 = EDGE_CURVE ( 'NONE', #537, #1088, #1146, .T. ) ;
#206 = CARTESIAN_POINT ( 'NONE',  ( 3.873991259843810653, 5.497880436529984038, 2.900212144814803494 ) ) ;
#207 = CARTESIAN_POINT ( 'NONE',  ( -4.225633435017013717, 5.424090746061706270, -2.783913576951894786 ) ) ;
#208 = EDGE_LOOP ( 'NONE', ( #1170, #413, #15, #468 ) ) ;
#209 = CARTESIAN_POINT ( 'NONE',  ( 2.765149220033552790, 3.644514661454302917, 0.9147132549643254285 ) ) ;
#210 = CARTESIAN_POINT ( 'NONE',  ( -2.689301879047971688, 3.606385676652883898, -0.9777562338544303344 ) ) ;
#211 = CARTESIAN_POINT ( 'NONE',  ( -2.861946288476949984, 3.683109242467346167, -1.425457921033809638 ) ) ;
#212 = CARTESIAN_POINT ( 'NONE',  ( 2.961609092210941707, 4.355308924722749886, 2.750454908976256885 ) ) ;
#213 = CARTESIAN_POINT ( 'NONE',  ( -4.835176627667870264, 5.289561774747348011, -1.928704285684377018 ) ) ;
#214 = VERTEX_POINT ( 'NONE', #259 ) ;
#215 = CARTESIAN_POINT ( 'NONE',  ( 4.066262119948625298, 5.462422937620172725, 2.852632482918557422 ) ) ;
#216 = DIRECTION ( 'NONE',  ( 0.000000000000000000, 1.000000000000000000, 0.000000000000000000 ) ) ;
#217 = CIRCLE ( 'NONE', #1293, 5.050000000000000711 ) ;
#218 = CYLINDRICAL_SURFACE ( 'NONE', #943, 0.4000000000000004108 ) ;
#219 = CARTESIAN_POINT ( 'NONE',  ( 3.750000000000000000, -20.00000000000000000, 1.899999999999999911 ) ) ;
#220 = AXIS2_PLACEMENT_3D ( 'NONE', #257, #571, #963 ) ;
#221 = VERTEX_POINT ( 'NONE', #864 ) ;
#222 = EDGE_CURVE ( 'NONE', #385, #380, #1223, .T. ) ;
#223 = CARTESIAN_POINT ( 'NONE',  ( 3.633478236510273351, 5.142916147406910277, 2.894731415345983105 ) ) ;
#224 = LINE ( 'NONE', #328, #1227 ) ;
#225 = CARTESIAN_POINT ( 'NONE',  ( 2.756679109988850129, 3.178972189356342515, 1.784615384615384936 ) ) ;
#226 = CARTESIAN_POINT ( 'NONE',  ( -4.298183178911395785, 5.395208766870800865, -2.740673398672954342 ) ) ;
#227 = ORIENTED_EDGE ( 'NONE', *, *, #689, .T. ) ;
#228 = DIRECTION ( 'NONE',  ( 0.000000000000000000, -1.000000000000000000, 0.000000000000000000 ) ) ;
#229 = CARTESIAN_POINT ( 'NONE',  ( 2.746498957572265365, 3.173612538902517599, 1.872254087792446509 ) ) ;
#230 = CARTESIAN_POINT ( 'NONE',  ( -2.704727730785003725, 3.615241632472123712, -0.9730587930460846691 ) ) ;
#231 = CARTESIAN_POINT ( 'NONE',  ( -3.796643842487567699, 5.416774478795672643, -2.899824617490529111 ) ) ;
#232 = EDGE_LOOP ( 'NONE', ( #103, #318, #683, #635 ) ) ;
#233 = CARTESIAN_POINT ( 'NONE',  ( 3.750000000000000000, 5.317255588946345313, 2.899999999999999023 ) ) ;
#234 = TOROIDAL_SURFACE ( 'NONE', #95, 0.3999999999999987454, 0.5999999999999999778 ) ;
#235 = CARTESIAN_POINT ( 'NONE',  ( 3.479714871225586315, 5.114191357006919958, 2.897056107871864405 ) ) ;
#236 = AXIS2_PLACEMENT_3D ( 'NONE', #250, #652, #1057 ) ;
#237 = DIRECTION ( 'NONE',  ( 0.000000000000000000, 0.000000000000000000, 1.000000000000000000 ) ) ;
#238 = PRESENTATION_STYLE_ASSIGNMENT (( #329 ) ) ;
#239 = CARTESIAN_POINT ( 'NONE',  ( -2.772845214858786544, 3.256572735320732104, -2.128720898300402009 ) ) ;
#240 = ORIENTED_EDGE ( 'NONE', *, *, #1099, .F. ) ;
#241 = PRESENTATION_LAYER_ASSIGNMENT (  '', '', ( #726 ) ) ;
#242 = CARTESIAN_POINT ( 'NONE',  ( 2.831871187971636505, 4.169054406151263770, 2.682828558975203670 ) ) ;
#243 = UNCERTAINTY_MEASURE_WITH_UNIT (LENGTH_MEASURE( 1.000000000000000082E-05 ), #1158, 'distance_accuracy_value', 'NONE');
#244 = LINE ( 'NONE', #761, #1066 ) ;
#245 = CARTESIAN_POINT ( 'NONE',  ( -3.675462346337420527, 5.224859281528160260, -2.900000000002735501 ) ) ;
#246 = ADVANCED_FACE ( 'NONE', ( #697 ), #688, .F. ) ;
#247 = CARTESIAN_POINT ( 'NONE',  ( -2.474256418691064052, 3.671140232639289902, -2.331490561895901426 ) ) ;
#248 = ORIENTED_EDGE ( 'NONE', *, *, #535, .T. ) ;
#249 = CARTESIAN_POINT ( 'NONE',  ( 2.756679109988850573, 3.178972189356340738, 1.784615384615385381 ) ) ;
#250 = CARTESIAN_POINT ( 'NONE',  ( -5.049999999999993605, 9.250000000000001776, -1.750000000000000666 ) ) ;
#251 = CARTESIAN_POINT ( 'NONE',  ( -3.543767291123189001, 3.699809145121349285, -0.9151442947820080942 ) ) ;
#252 = PRODUCT_DEFINITION ( 'UNKNOWN', '', #1100, #676 ) ;
#253 = ORIENTED_EDGE ( 'NONE', *, *, #527, .T. ) ;
#254 = CARTESIAN_POINT ( 'NONE',  ( 4.665457638665396978, 5.088425897872761006, 1.472998467271979584 ) ) ;
#255 = UNCERTAINTY_MEASURE_WITH_UNIT (LENGTH_MEASURE( 1.000000000000000082E-05 ), #1136, 'distance_accuracy_value', 'NONE');
#256 = DIRECTION ( 'NONE',  ( 0.000000000000000000, 0.000000000000000000, 1.000000000000000000 ) ) ;
#257 = CARTESIAN_POINT ( 'NONE',  ( 7.048691602742868843E-15, 9.250000000000001776, -1.750000000000000666 ) ) ;
#258 = AXIS2_PLACEMENT_3D ( 'NONE', #554, #651, #539 ) ;
#259 = CARTESIAN_POINT ( 'NONE',  ( 4.743320890011149871, 5.068179664022933295, 1.784615384615385381 ) ) ;
#260 = CARTESIAN_POINT ( 'NONE',  ( -4.251329047042142761, 5.523044374207038310, -2.791118418151533387 ) ) ;
#261 = ORIENTED_EDGE ( 'NONE', *, *, #851, .F. ) ;
#262 = AXIS2_PLACEMENT_3D ( 'NONE', #284, #462, #886 ) ;
#263 = EDGE_CURVE ( 'NONE', #618, #221, #1041, .T. ) ;
#264 = AXIS2_PLACEMENT_3D ( 'NONE', #170, #573, #979 ) ;
#265 = CARTESIAN_POINT ( 'NONE',  ( 4.591495725325046351, 5.008236465184882746, 1.133742269957336735 ) ) ;
#266 = CARTESIAN_POINT ( 'NONE',  ( -2.369877226925787284, 3.521967809928800541, -2.107869734169486975 ) ) ;
#267 = CARTESIAN_POINT ( 'NONE',  ( 7.048691602742868843E-15, 9.250000000000001776, 2.950000000000000178 ) ) ;
#268 = EDGE_LOOP ( 'NONE', ( #109, #450, #406, #336, #369 ) ) ;
#269 = SURFACE_STYLE_FILL_AREA ( #975 ) ;
#270 = DIRECTION ( 'NONE',  ( 0.000000000000000000, 1.000000000000000000, 0.000000000000000000 ) ) ;
#271 = CARTESIAN_POINT ( 'NONE',  ( -4.783251479274793994, 5.227017359455286893, -1.580578333494540688 ) ) ;
#272 = CYLINDRICAL_SURFACE ( 'NONE', #599, 0.4000000000000004108 ) ;
#273 = VERTEX_POINT ( 'NONE', #538 ) ;
#274 = CARTESIAN_POINT ( 'NONE',  ( 7.048691602742868843E-15, 9.250000000000001776, 2.950000000000000178 ) ) ;
#275 = CARTESIAN_POINT ( 'NONE',  ( -3.928202447113926965, 4.046024096090613753, -0.9095768175566620872 ) ) ;
#276 = CIRCLE ( 'NONE', #1141, 6.250000000000000000 ) ;
#277 = FACE_OUTER_BOUND ( 'NONE', #668, .T. ) ;
#278 = CARTESIAN_POINT ( 'NONE',  ( 3.979413931775607427, 4.097785434443913744, 0.9204043805685225843 ) ) ;
#279 = VERTEX_POINT ( 'NONE', #1234 ) ;
#280 = PLANE ( 'NONE',  #447 ) ;
#281 = AXIS2_PLACEMENT_3D ( 'NONE', #141, #337, #928 ) ;
#282 = CARTESIAN_POINT ( 'NONE',  ( -4.683869682947637614, 4.975194704945751667, -1.522460706508744321 ) ) ;
#283 = EDGE_CURVE ( 'NONE', #1284, #297, #448, .T. ) ;
#284 = CARTESIAN_POINT ( 'NONE',  ( -3.750000000000000444, -20.00000000000000000, -1.899999999999999911 ) ) ;
#285 = CARTESIAN_POINT ( 'NONE',  ( 3.750000000000000000, 0.5999999999999946487, 1.899999999999999911 ) ) ;
#286 = ORIENTED_EDGE ( 'NONE', *, *, #1009, .F. ) ;
#287 = CARTESIAN_POINT ( 'NONE',  ( -3.750000000000000444, 15.50100000000000122, -1.899999999999999911 ) ) ;
#288 = SURFACE_STYLE_USAGE ( .BOTH. , #671 ) ;
#289 = CARTESIAN_POINT ( 'NONE',  ( -6.249999999999993783, 9.250000000000001776, 1.750000000000000444 ) ) ;
#290 = CARTESIAN_POINT ( 'NONE',  ( 3.750000000000000000, 15.50100000000000122, 2.899999999999999023 ) ) ;
#291 = EDGE_LOOP ( 'NONE', ( #420, #1132, #921, #933 ) ) ;
#292 = CARTESIAN_POINT ( 'NONE',  ( 3.930510273053447801, 4.387885038776886404, 0.6455934569638436260 ) ) ;
#293 = CARTESIAN_POINT ( 'NONE',  ( -4.735021185555112311, 5.170360504596898998, -1.423410547548886296 ) ) ;
#294 = CARTESIAN_POINT ( 'NONE',  ( -4.741578715266649091, 5.176726520303359003, -1.769617383694772395 ) ) ;
#295 = DIRECTION ( 'NONE',  ( 0.000000000000000000, 0.000000000000000000, 1.000000000000000000 ) ) ;
#296 = ORIENTED_EDGE ( 'NONE', *, *, #851, .T. ) ;
#297 = VERTEX_POINT ( 'NONE', #859 ) ;
#298 = CARTESIAN_POINT ( 'NONE',  ( 4.113513265748813375, 4.541548525201092978, 0.9517474616905567952 ) ) ;
#299 = ADVANCED_FACE ( 'NONE', ( #675 ), #280, .F. ) ;
#300 = CARTESIAN_POINT ( 'NONE',  ( 4.637888989140195761, 5.217526008311991426, 2.367815935556550233 ) ) ;
#301 = DIRECTION ( 'NONE',  ( 0.000000000000000000, 1.000000000000000000, 0.000000000000000000 ) ) ;
#302 = AXIS2_PLACEMENT_3D ( 'NONE', #177, #597, #604 ) ;
#303 = AXIS2_PLACEMENT_3D ( 'NONE', #1198, #897, #1115 ) ;
#304 = CARTESIAN_POINT ( 'NONE',  ( -3.750000000000000444, 0.000000000000000000, -1.499999999999999556 ) ) ;
#305 = CARTESIAN_POINT ( 'NONE',  ( -4.810417134555817320, 5.259713419869228801, -1.750000000000001110 ) ) ;
#306 = CARTESIAN_POINT ( 'NONE',  ( 2.888691947783100122, 3.698235738820577545, 1.376209844545107197 ) ) ;
#307 = CARTESIAN_POINT ( 'NONE',  ( -2.346071415062503718, 3.457034531828574675, -1.750000000000000666 ) ) ;
#308 = EDGE_CURVE ( 'NONE', #649, #1225, #1003, .T. ) ;
#309 = CARTESIAN_POINT ( 'NONE',  ( -3.094520291919537591, 3.375451363586570164, -1.142087115229671435 ) ) ;
#310 = FACE_OUTER_BOUND ( 'NONE', #899, .T. ) ;
#311 = CARTESIAN_POINT ( 'NONE',  ( -4.254582053680469045, 5.523908061358729249, -2.789270132991019224 ) ) ;
#312 = ORIENTED_EDGE ( 'NONE', *, *, #205, .T. ) ;
#313 = CARTESIAN_POINT ( 'NONE',  ( 4.491604098695693992, 5.304719119677576700, 2.576117759806369367 ) ) ;
#314 = CARTESIAN_POINT ( 'NONE',  ( 3.750000000000000000, 0.000000000000000000, 2.299999999999998490 ) ) ;
#315 = MANIFOLD_SOLID_BREP ( 'Fillet2', #403 ) ;
#316 = CARTESIAN_POINT ( 'NONE',  ( 4.635010861896387446, 5.416550482124005583, 2.490025258815273812 ) ) ;
#317 = CARTESIAN_POINT ( 'NONE',  ( -3.544506887704596210, 5.204470742764941704, -2.904520688817038288 ) ) ;
#318 = ORIENTED_EDGE ( 'NONE', *, *, #115, .F. ) ;
#319 = CIRCLE ( 'NONE', #1168, 1.000000000000000222 ) ;
#320 = CARTESIAN_POINT ( 'NONE',  ( 2.946328163217407869, 4.333033077891628615, 2.743655704978735788 ) ) ;
#321 = CARTESIAN_POINT ( 'NONE',  ( 3.750000000000000000, 0.5999999999999998668, 1.899999999999999911 ) ) ;
#322 = DIRECTION ( 'NONE',  ( -0.000000000000000000, 1.000000000000000000, -0.000000000000000000 ) ) ;
#323 = AXIS2_PLACEMENT_3D ( 'NONE', #835, #645, #1050 ) ;
#324 = CARTESIAN_POINT ( 'NONE',  ( -3.653801869395414403, 5.330656210019901309, -2.909811931907673177 ) ) ;
#325 = AXIS2_PLACEMENT_3D ( 'NONE', #640, #348, #863 ) ;
#326 = ORIENTED_EDGE ( 'NONE', *, *, #440, .T. ) ;
#327 = CARTESIAN_POINT ( 'NONE',  ( 4.810417134555815544, 5.259713419869209261, 1.750000000000000444 ) ) ;
#328 = CARTESIAN_POINT ( 'NONE',  ( 3.750000000000000000, -20.00000000000000000, 2.300000000000000266 ) ) ;
#329 = SURFACE_STYLE_USAGE ( .BOTH. , #45 ) ;
#330 = CARTESIAN_POINT ( 'NONE',  ( 3.750000000000000000, 0.5999999999999946487, 0.9000000000000012434 ) ) ;
#331 = VERTEX_POINT ( 'NONE', #774 ) ;
#332 = CARTESIAN_POINT ( 'NONE',  ( 4.800766408081141634, 5.248079162764508254, 1.662931121261526091 ) ) ;
#333 = DIRECTION ( 'NONE',  ( 0.000000000000000000, -1.000000000000000000, 0.000000000000000000 ) ) ;
#334 = PLANE ( 'NONE',  #558 ) ;
#335 = CARTESIAN_POINT ( 'NONE',  ( 2.817185164745778625, 3.210687592279668490, 1.515856643561642514 ) ) ;
#336 = ORIENTED_EDGE ( 'NONE', *, *, #656, .F. ) ;
#337 = DIRECTION ( 'NONE',  ( 0.000000000000000000, 1.000000000000000000, 0.000000000000000000 ) ) ;
#338 = CIRCLE ( 'NONE', #576, 0.4000000000000004108 ) ;
#339 = CARTESIAN_POINT ( 'NONE',  ( 2.369877226925786395, 3.521967809928800541, 2.107869734169510068 ) ) ;
#340 = ADVANCED_FACE ( 'NONE', ( #1071 ), #1061, .T. ) ;
#341 = DIRECTION ( 'NONE',  ( -0.000000000000000000, -0.000000000000000000, -1.000000000000000000 ) ) ;
#342 = CARTESIAN_POINT ( 'NONE',  ( -2.799570618842228686, 3.319046600660014334, -2.227882628322542580 ) ) ;
#343 = CARTESIAN_POINT ( 'NONE',  ( 2.756679109988850129, 3.178972189356342515, 1.784615384615384936 ) ) ;
#344 = AXIS2_PLACEMENT_3D ( 'NONE', #372, #84, #475 ) ;
#345 = VECTOR ( 'NONE', #694, 1000.000000000000000 ) ;
#346 = ORIENTED_EDGE ( 'NONE', *, *, #564, .F. ) ;
#347 = CARTESIAN_POINT ( 'NONE',  ( 3.115702154812544311, 4.002296270059887640, 2.681565920774432676 ) ) ;
#348 = DIRECTION ( 'NONE',  ( 0.000000000000000000, 0.000000000000000000, 1.000000000000000000 ) ) ;
#349 = DIRECTION ( 'NONE',  ( 0.1142842828818065731, -0.1377733306982305839, 0.9838483684158385589 ) ) ;
#350 = CARTESIAN_POINT ( 'NONE',  ( -3.036272006247442423, 3.337504002906242384, -1.188954969090838532 ) ) ;
#351 = VERTEX_POINT ( 'NONE', #767 ) ;
#352 = CARTESIAN_POINT ( 'NONE',  ( 4.743320890011149871, 5.068179664022933295, 1.784615384615384936 ) ) ;
#353 = CARTESIAN_POINT ( 'NONE',  ( -3.750000000000000444, 0.5999999999999998668, -1.899999999999999911 ) ) ;
#354 = CARTESIAN_POINT ( 'NONE',  ( -3.750000000000000444, -20.00000000000000000, -2.300000000000000266 ) ) ;
#355 = CARTESIAN_POINT ( 'NONE',  ( -2.668543921799925833, 3.940158542018614263, -2.554851561648626035 ) ) ;
#356 = ADVANCED_FACE ( 'NONE', ( #464 ), #826, .F. ) ;
#357 = CARTESIAN_POINT ( 'NONE',  ( -2.413183809351343356, 3.585058034531335203, -2.219461686752340235 ) ) ;
#358 = ORIENTED_EDGE ( 'NONE', *, *, #820, .T. ) ;
#359 = CARTESIAN_POINT ( 'NONE',  ( 4.426492656536621162, 4.834417650536130040, 1.147707632279771461 ) ) ;
#360 =( GEOMETRIC_REPRESENTATION_CONTEXT ( 3 ) GLOBAL_UNCERTAINTY_ASSIGNED_CONTEXT ( ( #565 ) ) GLOBAL_UNIT_ASSIGNED_CONTEXT ( ( #990, #799, #366 ) ) REPRESENTATION_CONTEXT ( 'NONE', 'WORKASPACE' ) );
#361 = DIRECTION ( 'NONE',  ( -0.1152588434438079346, 0.04667824785464102372, 0.9922381469109200491 ) ) ;
#362 = CARTESIAN_POINT ( 'NONE',  ( -3.176764331484219994, 4.671104324490826798, -2.835477548781274226 ) ) ;
#363 = DIRECTION ( 'NONE',  ( -1.000000000000000000, 0.000000000000000000, 0.000000000000000000 ) ) ;
#364 = ORIENTED_EDGE ( 'NONE', *, *, #601, .T. ) ;
#365 = CIRCLE ( 'NONE', #961, 0.4000000000000004108 ) ;
#366 =( NAMED_UNIT ( * ) SI_UNIT ( $, .STERADIAN. ) SOLID_ANGLE_UNIT ( ) );
#367 = CARTESIAN_POINT ( 'NONE',  ( 3.779324991818289625, 5.444256239115299323, 2.908417588046145585 ) ) ;
#368 = FACE_OUTER_BOUND ( 'NONE', #1267, .T. ) ;
#369 = ORIENTED_EDGE ( 'NONE', *, *, #820, .F. ) ;
#370 = CARTESIAN_POINT ( 'NONE',  ( 2.365452687947346533, 3.464883681034184981, 1.575142106862522207 ) ) ;
#371 = CARTESIAN_POINT ( 'NONE',  ( -2.337635000299679078, 3.467993945981986403, -1.952518258611462443 ) ) ;
#372 = CARTESIAN_POINT ( 'NONE',  ( 2.458682842985505435, 3.178972189356340738, 1.750000000000000444 ) ) ;
#373 = ORIENTED_EDGE ( 'NONE', *, *, #152, .F. ) ;
#374 = DIRECTION ( 'NONE',  ( -0.000000000000000000, -0.000000000000000000, -1.000000000000000000 ) ) ;
#375 = EDGE_CURVE ( 'NONE', #649, #1299, #1083, .T. ) ;
#376 = CARTESIAN_POINT ( 'NONE',  ( -4.743320890011151647, 5.068179664022951947, -1.784615384615385159 ) ) ;
#377 = CIRCLE ( 'NONE', #1271, 0.5999999999999999778 ) ;
#378 = DIRECTION ( 'NONE',  ( 1.000000000000000000, 0.000000000000000000, 0.000000000000000000 ) ) ;
#379 = ORIENTED_EDGE ( 'NONE', *, *, #1221, .T. ) ;
#380 = VERTEX_POINT ( 'NONE', #1214 ) ;
#381 = CARTESIAN_POINT ( 'NONE',  ( 2.951029296076612685, 3.733696734959462749, 1.281589890151723754 ) ) ;
#382 = VECTOR ( 'NONE', #138, 1000.000000000000000 ) ;
#383 = CARTESIAN_POINT ( 'NONE',  ( -4.113513265748890646, 4.541548525201029918, -0.9517474616905646778 ) ) ;
#384 = CARTESIAN_POINT ( 'NONE',  ( 2.337635000299680410, 3.467993945981980186, 1.952518258611461555 ) ) ;
#385 = VERTEX_POINT ( 'NONE', #1202 ) ;
#386 = ORIENTED_EDGE ( 'NONE', *, *, #1140, .F. ) ;
#387 = CARTESIAN_POINT ( 'NONE',  ( 2.792560455969965272, 3.643902339809323543, 1.582340922501551228 ) ) ;
#388 = CARTESIAN_POINT ( 'NONE',  ( 4.069998591883863703, 5.501865571306038483, 2.851748445725025505 ) ) ;
#389 = CARTESIAN_POINT ( 'NONE',  ( 3.750000000000000000, -20.00000000000000000, 1.899999999999999911 ) ) ;
#390 = LINE ( 'NONE', #290, #345 ) ;
#391 = ADVANCED_FACE ( 'NONE', ( #907 ), #1196, .T. ) ;
#392 = ORIENTED_EDGE ( 'NONE', *, *, #993, .F. ) ;
#393 = FACE_OUTER_BOUND ( 'NONE', #1206, .T. ) ;
#394 = CARTESIAN_POINT ( 'NONE',  ( -3.083409630472588869, 3.810905038133870271, -0.6974407325701587057 ) ) ;
#395 = DIRECTION ( 'NONE',  ( 0.000000000000000000, 1.000000000000000000, 0.000000000000000000 ) ) ;
#396 = CARTESIAN_POINT ( 'NONE',  ( 2.852819462687840257, 4.198884073932923400, 2.694793470297566440 ) ) ;
#397 = AXIS2_PLACEMENT_3D ( 'NONE', #711, #301, #1032 ) ;
#398 = EDGE_LOOP ( 'NONE', ( #873, #296, #1105, #1087, #730 ) ) ;
#399 = ORIENTED_EDGE ( 'NONE', *, *, #91, .F. ) ;
#400 = CARTESIAN_POINT ( 'NONE',  ( 2.986862877920651194, 3.754163250409906727, 1.235882755429969393 ) ) ;
#401 = CARTESIAN_POINT ( 'NONE',  ( -4.810417134555817320, 5.259713419869227913, -1.750000000000000666 ) ) ;
#402 = FACE_OUTER_BOUND ( 'NONE', #208, .T. ) ;
#403 = CLOSED_SHELL ( 'NONE', ( #1229, #780, #773, #484, #16, #391, #340, #434, #912, #624, #299, #617, #1258, #75, #785, #895, #356, #246, #1184, #174, #871, #1200 ) ) ;
#404 = PLANE ( 'NONE',  #513 ) ;
#405 = CARTESIAN_POINT ( 'NONE',  ( -3.633478236510274684, 5.142916147406879190, -2.894731415345984882 ) ) ;
#406 = ORIENTED_EDGE ( 'NONE', *, *, #123, .T. ) ;
#407 = CARTESIAN_POINT ( 'NONE',  ( -3.750000000000181188, 3.879711367161149838, -0.8999999999999996891 ) ) ;
#408 = CARTESIAN_POINT ( 'NONE',  ( -3.517634580774946507, 4.080916928262557697, -0.5930191257776786795 ) ) ;
#409 = DIRECTION ( 'NONE',  ( 0.000000000000000000, 0.000000000000000000, -1.000000000000000000 ) ) ;
#410 = APPLICATION_CONTEXT ( 'automotive_design' ) ;
#411 = CARTESIAN_POINT ( 'NONE',  ( 3.178505046662584377, 4.673812529475543265, 2.835402818801851854 ) ) ;
#412 = CARTESIAN_POINT ( 'NONE',  ( -3.814993790226393067, 5.388689192024964214, -2.898478459538906371 ) ) ;
#413 = ORIENTED_EDGE ( 'NONE', *, *, #1191, .T. ) ;
#414 = CARTESIAN_POINT ( 'NONE',  ( 3.750000000000000000, 0.000000000000000000, 1.899999999999999911 ) ) ;
#415 = CARTESIAN_POINT ( 'NONE',  ( 7.048691602742868843E-15, 9.250000000000001776, 1.750000000000000444 ) ) ;
#416 = CARTESIAN_POINT ( 'NONE',  ( -2.954622007809683648, 3.740664908559455881, -0.7640057271746633072 ) ) ;
#417 = ADVANCED_FACE ( 'NONE', ( #393 ), #803, .F. ) ;
#418 = CARTESIAN_POINT ( 'NONE',  ( -3.750000000000001332, 5.317255588946365741, -2.900000000000000355 ) ) ;
#419 = CARTESIAN_POINT ( 'NONE',  ( -3.718886107161604837, 5.344126662319431453, -2.900635627071207701 ) ) ;
#420 = ORIENTED_EDGE ( 'NONE', *, *, #1191, .F. ) ;
#421 = CARTESIAN_POINT ( 'NONE',  ( -4.187985496348068715, 4.322881850674336057, -0.9942367667592031388 ) ) ;
#422 = CARTESIAN_POINT ( 'NONE',  ( 3.366451686831597456, 4.564600579822739590, 2.828343797889083966 ) ) ;
#423 = CARTESIAN_POINT ( 'NONE',  ( -2.888691947783100122, 3.698235738820565555, -1.376209844545096317 ) ) ;
#424 = TOROIDAL_SURFACE ( 'NONE', #449, 5.050000000000000711, 1.199999999999999956 ) ;
#425 = SURFACE_STYLE_FILL_AREA ( #937 ) ;
#426 = COLOUR_RGB ( '',0.7921568627450980005, 0.8196078431372548767, 0.9333333333333333481 ) ;
#427 = CARTESIAN_POINT ( 'NONE',  ( -4.606736336815923316, 5.331414444538966180, -2.423266449638677322 ) ) ;
#428 = EDGE_LOOP ( 'NONE', ( #849, #165 ) ) ;
#429 = CARTESIAN_POINT ( 'NONE',  ( 2.795135808124145971, 3.307800123523374936, 2.206169663148834559 ) ) ;
#430 = CARTESIAN_POINT ( 'NONE',  ( 7.048691602742868843E-15, 9.250000000000001776, 2.950000000000000178 ) ) ;
#431 = CARTESIAN_POINT ( 'NONE',  ( 3.518510056661385832, 4.906556417470445908, 2.874262271880832387 ) ) ;
#432 = FACE_OUTER_BOUND ( 'NONE', #1093, .T. ) ;
#433 = ORIENTED_EDGE ( 'NONE', *, *, #552, .T. ) ;
#434 = ADVANCED_FACE ( 'NONE', ( #182 ), #966, .T. ) ;
#435 = CARTESIAN_POINT ( 'NONE',  ( 2.746271876320918626, 3.623716522277845353, 1.873049142230947206 ) ) ;
#436 = FACE_OUTER_BOUND ( 'NONE', #47, .T. ) ;
#437 = DIRECTION ( 'NONE',  ( 0.000000000000000000, 0.000000000000000000, -1.000000000000000000 ) ) ;
#438 = CARTESIAN_POINT ( 'NONE',  ( -2.950112408481765591, 3.286234393748350247, -1.285272844181053475 ) ) ;
#439 = ORIENTED_EDGE ( 'NONE', *, *, #1294, .T. ) ;
#440 = EDGE_CURVE ( 'NONE', #351, #695, #832, .T. ) ;
#441 = CARTESIAN_POINT ( 'NONE',  ( 2.668543921799886309, 3.940158542018584509, 2.554851561648622482 ) ) ;
#442 = SURFACE_STYLE_FILL_AREA ( #563 ) ;
#443 = FACE_OUTER_BOUND ( 'NONE', #802, .T. ) ;
#444 = CARTESIAN_POINT ( 'NONE',  ( 7.048691602742868843E-15, 9.250000000000001776, -2.950000000000000178 ) ) ;
#445 = CARTESIAN_POINT ( 'NONE',  ( 3.750000000000000000, 5.317255588946345313, 2.899999999999999023 ) ) ;
#446 = CARTESIAN_POINT ( 'NONE',  ( 2.950112408481766924, 3.286234393748343585, 1.285272844181055474 ) ) ;
#447 = AXIS2_PLACEMENT_3D ( 'NONE', #478, #989, #1263 ) ;
#448 = B_SPLINE_CURVE_WITH_KNOTS ( 'NONE', 3,
 ( #327, #332, #840, #733, #1036, #136, #941, #737, #1139, #845, #947, #452, #882, #1183, #888, #470, #1178, #178, #370, #69 ),
 .UNSPECIFIED., .F., .F.,
 ( 4, 2, 2, 2, 2, 2, 2, 2, 2, 4 ),
 ( 2.168404344971008868E-19, 0.0002600947807304089727, 0.0005201895614608177286, 0.001040379122921635240, 0.001560568684382452860, 0.002080758245843270481, 0.002600947807304087450, 0.003121137368764905287, 0.003641326930225721389, 0.004161516491686538359 ),
 .UNSPECIFIED. ) ;
#449 = AXIS2_PLACEMENT_3D ( 'NONE', #764, #1266, #378 ) ;
#450 = ORIENTED_EDGE ( 'NONE', *, *, #593, .F. ) ;
#451 = CIRCLE ( 'NONE', #790, 5.050000000000000711 ) ;
#452 = CARTESIAN_POINT ( 'NONE',  ( 3.517634580774946063, 4.080916928262545262, 0.5930191257776801228 ) ) ;
#453 = CARTESIAN_POINT ( 'NONE',  ( 4.208790639398519495, 5.428560130740058831, 2.791563740961623186 ) ) ;
#454 = ADVANCED_FACE ( 'NONE', ( #1091 ), #67, .T. ) ;
#455 = FACE_OUTER_BOUND ( 'NONE', #68, .T. ) ;
#456 = CARTESIAN_POINT ( 'NONE',  ( 3.750000000000180300, 3.879711367161139179, 0.9000000000000013545 ) ) ;
#457 = CARTESIAN_POINT ( 'NONE',  ( -3.637887788543215262, 5.315716493172483403, -2.910044049716118408 ) ) ;
#458 = ORIENTED_EDGE ( 'NONE', *, *, #718, .F. ) ;
#459 = CARTESIAN_POINT ( 'NONE',  ( 4.736670392998494350, 5.170987316879621432, 1.409198925334987251 ) ) ;
#460 = DIRECTION ( 'NONE',  ( -1.000000000000000000, 0.000000000000000000, 0.000000000000000000 ) ) ;
#461 = CARTESIAN_POINT ( 'NONE',  ( -3.270805147285454240, 4.619318217765497891, -2.790019551221179395 ) ) ;
#462 = DIRECTION ( 'NONE',  ( -0.000000000000000000, 1.000000000000000000, -0.000000000000000000 ) ) ;
#463 = EDGE_LOOP ( 'NONE', ( #898, #1273, #96, #386 ) ) ;
#464 = FACE_OUTER_BOUND ( 'NONE', #140, .T. ) ;
#465 = B_SPLINE_CURVE_WITH_KNOTS ( 'NONE', 3,
 ( #445, #31, #133, #431, #1250, #26, #548, #836, #954, #740, #944, #1154, #51, #225 ),
 .UNSPECIFIED., .F., .F.,
 ( 4, 2, 2, 2, 2, 2, 4 ),
 ( 0.001777454565347114752, 0.002130232533253142296, 0.002483010501159169624, 0.003188566436971223411, 0.003894122372783278066, 0.004246900340689305393, 0.004599678308595332721 ),
 .UNSPECIFIED. ) ;
#466 = CARTESIAN_POINT ( 'NONE',  ( -5.049999999999993605, 9.250000000000001776, 2.950000000000000178 ) ) ;
#467 = DIRECTION ( 'NONE',  ( -0.000000000000000000, -0.000000000000000000, -1.000000000000000000 ) ) ;
#468 = ORIENTED_EDGE ( 'NONE', *, *, #958, .F. ) ;
#469 = AXIS2_PLACEMENT_3D ( 'NONE', #747, #349, #754 ) ;
#470 = CARTESIAN_POINT ( 'NONE',  ( 2.689301879047973909, 3.606385676652878125, 0.9777562338544318887 ) ) ;
#471 = DIRECTION ( 'NONE',  ( -0.000000000000000000, 1.000000000000000000, -0.000000000000000000 ) ) ;
#472 = CARTESIAN_POINT ( 'NONE',  ( -4.499314807194130239, 4.909547756176054101, -1.017546454546801593 ) ) ;
#473 = CARTESIAN_POINT ( 'NONE',  ( 4.254582053680470821, 5.523908061358709709, 2.789270132991017004 ) ) ;
#474 = DIRECTION ( 'NONE',  ( 1.000000000000000000, 0.000000000000000000, 0.000000000000000000 ) ) ;
#475 = DIRECTION ( 'NONE',  ( -0.9933208900111506479, 0.000000000000000000, -0.1153846153846148359 ) ) ;
#476 = EDGE_CURVE ( 'NONE', #1030, #331, #582, .T. ) ;
#477 = ORIENTED_EDGE ( 'NONE', *, *, #763, .T. ) ;
#478 = CARTESIAN_POINT ( 'NONE',  ( -3.750000000000000444, 0.000000000000000000, -1.899999999999999911 ) ) ;
#479 = ADVANCED_BREP_SHAPE_REPRESENTATION ( 'MOV-10D561K', ( #315, #1144, #758, #258 ), #829 ) ;
#480 = CARTESIAN_POINT ( 'NONE',  ( -3.703353448644453927, 3.834869949030539349, -0.8947546111892804577 ) ) ;
#481 = CARTESIAN_POINT ( 'NONE',  ( -4.761734400027568981, 5.351601684676505322, -2.230474051982792361 ) ) ;
#482 = DIRECTION ( 'NONE',  ( 0.000000000000000000, 0.000000000000000000, -1.000000000000000000 ) ) ;
#483 = CARTESIAN_POINT ( 'NONE',  ( 3.520381186635392456, 4.082891171550973475, 0.5931810027886643688 ) ) ;
#484 = ADVANCED_FACE ( 'NONE', ( #277 ), #424, .T. ) ;
#485 = CARTESIAN_POINT ( 'NONE',  ( -3.196429637300789661, 3.876353855625316314, -1.040988620705935119 ) ) ;
#486 = CIRCLE ( 'NONE', #981, 5.050000000000000711 ) ;
#487 = PLANE ( 'NONE',  #1254 ) ;
#488 = ORIENTED_EDGE ( 'NONE', *, *, #993, .T. ) ;
#489 = ORIENTED_EDGE ( 'NONE', *, *, #57, .F. ) ;
#490 = CARTESIAN_POINT ( 'NONE',  ( 2.365998476590220001, 3.465104717935016510, 1.570218029801812465 ) ) ;
#491 = AXIS2_PLACEMENT_3D ( 'NONE', #1012, #791, #110 ) ;
#492 = AXIS2_PLACEMENT_3D ( 'NONE', #113, #719, #496 ) ;
#493 = VECTOR ( 'NONE', #341, 1000.000000000000000 ) ;
#494 = SURFACE_STYLE_FILL_AREA ( #902 ) ;
#495 = EDGE_CURVE ( 'NONE', #380, #385, #172, .T. ) ;
#496 = DIRECTION ( 'NONE',  ( 0.000000000000000000, 0.000000000000000000, 1.000000000000000000 ) ) ;
#497 = CARTESIAN_POINT ( 'NONE',  ( -4.270318129353538161, 5.405624896045434724, -2.756881687672278147 ) ) ;
#498 = ORIENTED_EDGE ( 'NONE', *, *, #152, .T. ) ;
#499 = CARTESIAN_POINT ( 'NONE',  ( 2.548299484248014668, 3.542917026700928673, 1.170148109822679139 ) ) ;
#500 = CARTESIAN_POINT ( 'NONE',  ( 4.594361476983431558, 5.245915088267799398, 2.442370316770924088 ) ) ;
#501 = CARTESIAN_POINT ( 'NONE',  ( -2.756679109988849241, 3.178972189356346956, -1.784615384615385159 ) ) ;
#502 = CARTESIAN_POINT ( 'NONE',  ( 4.761734400027567204, 5.351601684676487558, 2.230474051982791028 ) ) ;
#503 = DIRECTION ( 'NONE',  ( -0.000000000000000000, -0.000000000000000000, -1.000000000000000000 ) ) ;
#504 = CARTESIAN_POINT ( 'NONE',  ( 4.033980588353673014, 4.154503521529989918, 0.9350718909709885285 ) ) ;
#505 = CARTESIAN_POINT ( 'NONE',  ( 4.808954932267904603, 5.323916771829558137, 2.112738859487103937 ) ) ;
#506 = DIRECTION ( 'NONE',  ( 0.000000000000000000, 0.000000000000000000, -1.000000000000000000 ) ) ;
#507 = DIRECTION ( 'NONE',  ( 0.000000000000000000, 0.000000000000000000, -1.000000000000000000 ) ) ;
#508 = CARTESIAN_POINT ( 'NONE',  ( -4.545834283023904021, 5.445579237252887062, -2.573162469778146555 ) ) ;
#509 = EDGE_LOOP ( 'NONE', ( #129, #906, #439, #517 ) ) ;
#510 = CARTESIAN_POINT ( 'NONE',  ( 3.773472145520647913, 5.346351481651135273, 2.900000000002816769 ) ) ;
#511 = CARTESIAN_POINT ( 'NONE',  ( 4.545834283023961753, 5.445579237252853311, 2.573162469778077721 ) ) ;
#512 = CARTESIAN_POINT ( 'NONE',  ( -2.754288455902960564, 3.622356824170756884, -1.805196002199346950 ) ) ;
#513 = AXIS2_PLACEMENT_3D ( 'NONE', #1222, #706, #1122 ) ;
#514 = CIRCLE ( 'NONE', #661, 0.3999999999999986899 ) ;
#515 = DIRECTION ( 'NONE',  ( -0.000000000000000000, -1.000000000000000000, -0.000000000000000000 ) ) ;
#516 = CARTESIAN_POINT ( 'NONE',  ( -4.236621988002520212, 5.475432539368438434, -2.778443569528889601 ) ) ;
#517 = ORIENTED_EDGE ( 'NONE', *, *, #1246, .F. ) ;
#518 = EDGE_CURVE ( 'NONE', #1279, #151, #514, .T. ) ;
#519 = CARTESIAN_POINT ( 'NONE',  ( 3.799697313554103228, 5.373946391873706929, 2.899202310248706116 ) ) ;
#520 = CARTESIAN_POINT ( 'NONE',  ( 2.333442668943259690, 3.451920063178404607, 1.841149409861997599 ) ) ;
#521 = CARTESIAN_POINT ( 'NONE',  ( -2.772743335626222105, 3.187429715936232810, -1.646321983417440737 ) ) ;
#522 = CARTESIAN_POINT ( 'NONE',  ( -2.954925568449953133, 3.654876099383550514, -2.528237460699639172 ) ) ;
#523 = CARTESIAN_POINT ( 'NONE',  ( -3.975741951757931325, 5.505363172062406107, -2.878457211897461843 ) ) ;
#524 = ORIENTED_EDGE ( 'NONE', *, *, #1009, .T. ) ;
#525 = CARTESIAN_POINT ( 'NONE',  ( -3.867310378457926578, 3.986202495307272997, -0.9000000000000080158 ) ) ;
#526 = CARTESIAN_POINT ( 'NONE',  ( 2.751907014021352182, 3.624835951968773173, 1.841341562725730130 ) ) ;
#527 = EDGE_CURVE ( 'NONE', #221, #1284, #79, .T. ) ;
#528 = CARTESIAN_POINT ( 'NONE',  ( -3.045811278420401891, 3.344773233321757466, -1.186968303197351471 ) ) ;
#529 = DIRECTION ( 'NONE',  ( 0.000000000000000000, -1.000000000000000000, 0.000000000000000000 ) ) ;
#530 = CARTESIAN_POINT ( 'NONE',  ( -3.684593611700690108, 5.302971293035891875, -2.898869420111045425 ) ) ;
#531 = ORIENTED_EDGE ( 'NONE', *, *, #763, .F. ) ;
#532 = CIRCLE ( 'NONE', #1059, 6.250000000000000000 ) ;
#533 = CARTESIAN_POINT ( 'NONE',  ( 2.518566138315757819, 3.732394733082867955, 2.394178928905704939 ) ) ;
#534 = AXIS2_PLACEMENT_3D ( 'NONE', #986, #1282, #176 ) ;
#535 = EDGE_CURVE ( 'NONE', #1225, #331, #1086, .T. ) ;
#536 = CARTESIAN_POINT ( 'NONE',  ( 4.743320890011149871, 5.068179664022933295, 1.784615384615385381 ) ) ;
#537 = VERTEX_POINT ( 'NONE', #76 ) ;
#538 = CARTESIAN_POINT ( 'NONE',  ( 6.250000000000007105, 9.250000000000001776, -1.750000000000000666 ) ) ;
#539 = DIRECTION ( 'NONE',  ( 1.000000000000000000, 0.000000000000000000, 0.000000000000000000 ) ) ;
#540 = CARTESIAN_POINT ( 'NONE',  ( 3.750000000000000000, 0.000000000000000000, 2.300000000000000266 ) ) ;
#541 = CARTESIAN_POINT ( 'NONE',  ( -2.742760432459653952, 3.171644254265765017, -1.904438231924734826 ) ) ;
#542 = CARTESIAN_POINT ( 'NONE',  ( -3.366451686831634316, 4.564600579822749360, -2.828343797889104838 ) ) ;
#543 = ADVANCED_FACE ( 'NONE', ( #368 ), #272, .T. ) ;
#544 = ORIENTED_EDGE ( 'NONE', *, *, #1124, .T. ) ;
#545 = CARTESIAN_POINT ( 'NONE',  ( 2.761712069408894799, 3.697033348782237994, 2.160094213263668017 ) ) ;
#546 = UNCERTAINTY_MEASURE_WITH_UNIT (LENGTH_MEASURE( 1.000000000000000082E-05 ), #759, 'distance_accuracy_value', 'NONE');
#547 = CARTESIAN_POINT ( 'NONE',  ( 3.750000000000180300, 3.879711367161139179, 0.9000000000000013545 ) ) ;
#548 = CARTESIAN_POINT ( 'NONE',  ( 3.236109680096293406, 4.269289011504191933, 2.765788985691918000 ) ) ;
#549 = CARTESIAN_POINT ( 'NONE',  ( -2.817185164745777293, 3.210687592279674263, -1.515856643561642292 ) ) ;
#550 = ORIENTED_EDGE ( 'NONE', *, *, #1053, .F. ) ;
#551 = TOROIDAL_SURFACE ( 'NONE', #1288, 0.3999999999999987454, 0.5999999999999999778 ) ;
#552 = EDGE_CURVE ( 'NONE', #151, #1279, #879, .T. ) ;
#553 = CARTESIAN_POINT ( 'NONE',  ( -3.750000000000000444, 0.000000000000000000, -1.899999999999999911 ) ) ;
#554 = CARTESIAN_POINT ( 'NONE',  ( 0.000000000000000000, 0.000000000000000000, 0.000000000000000000 ) ) ;
#555 = DIRECTION ( 'NONE',  ( 0.9933208900111506479, 0.000000000000000000, 0.1153846153846148359 ) ) ;
#556 = CARTESIAN_POINT ( 'NONE',  ( 3.228912483959559765, 3.463690833706033700, 1.037758452825739086 ) ) ;
#557 = CLOSED_SHELL ( 'NONE', ( #731, #543, #632, #755 ) ) ;
#558 = AXIS2_PLACEMENT_3D ( 'NONE', #1028, #529, #127 ) ;
#559 = ORIENTED_EDGE ( 'NONE', *, *, #1239, .F. ) ;
#560 = CIRCLE ( 'NONE', #964, 0.4000000000000004108 ) ;
#561 = DIRECTION ( 'NONE',  ( 0.000000000000000000, 0.000000000000000000, -1.000000000000000000 ) ) ;
#562 = CARTESIAN_POINT ( 'NONE',  ( 4.566836541670107330, 4.804631818657867370, 1.310570982177655663 ) ) ;
#563 = FILL_AREA_STYLE ('',( #160 ) ) ;
#564 = EDGE_CURVE ( 'NONE', #1225, #649, #55, .T. ) ;
#565 = UNCERTAINTY_MEASURE_WITH_UNIT (LENGTH_MEASURE( 1.000000000000000082E-05 ), #990, 'distance_accuracy_value', 'NONE');
#566 = LINE ( 'NONE', #162, #727 ) ;
#567 = CARTESIAN_POINT ( 'NONE',  ( -3.199326294951181371, 4.187653091517053561, -2.740053561495497725 ) ) ;
#568 = CARTESIAN_POINT ( 'NONE',  ( -4.160151781050774211, 5.538461761854396315, -2.831709265708691525 ) ) ;
#569 = EDGE_LOOP ( 'NONE', ( #185, #433 ) ) ;
#570 = CARTESIAN_POINT ( 'NONE',  ( 4.294016805359696320, 4.706347384488847929, 0.8286461642376237169 ) ) ;
#571 = DIRECTION ( 'NONE',  ( 0.000000000000000000, 0.000000000000000000, 1.000000000000000000 ) ) ;
#572 = CARTESIAN_POINT ( 'NONE',  ( -3.750000000000181188, 3.879711367161149838, -0.8999999999999996891 ) ) ;
#573 = DIRECTION ( 'NONE',  ( 1.000000000000000000, -0.000000000000000000, 1.224646799147353207E-16 ) ) ;
#574 = ORIENTED_EDGE ( 'NONE', *, *, #440, .F. ) ;
#575 = CARTESIAN_POINT ( 'NONE',  ( 4.178620446587212989, 4.599386700004867379, 0.7537276075152687937 ) ) ;
#576 = AXIS2_PLACEMENT_3D ( 'NONE', #924, #18, #409 ) ;
#577 = CARTESIAN_POINT ( 'NONE',  ( -3.750000000000000444, -20.00000000000000000, -1.899999999999999911 ) ) ;
#578 =( GEOMETRIC_REPRESENTATION_CONTEXT ( 3 ) GLOBAL_UNCERTAINTY_ASSIGNED_CONTEXT ( ( #243 ) ) GLOBAL_UNIT_ASSIGNED_CONTEXT ( ( #1158, #39, #137 ) ) REPRESENTATION_CONTEXT ( 'NONE', 'WORKASPACE' ) );
#579 = CARTESIAN_POINT ( 'NONE',  ( -4.519563928449642276, 4.930413202684375662, -1.241644301710157050 ) ) ;
#580 = CARTESIAN_POINT ( 'NONE',  ( -4.703926209874604858, 5.134367339659029916, -1.348311283204657096 ) ) ;
#581 = ADVANCED_FACE ( 'NONE', ( #310 ), #404, .T. ) ;
#582 = LINE ( 'NONE', #1181, #1190 ) ;
#583 = DIRECTION ( 'NONE',  ( 1.000000000000000000, 0.000000000000000000, 0.000000000000000000 ) ) ;
#584 = CIRCLE ( 'NONE', #920, 0.4000000000000004108 ) ;
#585 = CARTESIAN_POINT ( 'NONE',  ( -4.810417134555817320, 5.259713419869227913, -1.750000000000000666 ) ) ;
#586 = CARTESIAN_POINT ( 'NONE',  ( -4.635010861896389223, 5.416550482124024235, -2.490025258815274700 ) ) ;
#587 = CARTESIAN_POINT ( 'NONE',  ( -3.799697313554103673, 5.373946391873730910, -2.899202310248706116 ) ) ;
#588 = CARTESIAN_POINT ( 'NONE',  ( 2.958766298008843609, 3.291778273111215736, 1.284983589585984465 ) ) ;
#589 = CARTESIAN_POINT ( 'NONE',  ( -4.233995561018265796, 4.376157260713301689, -1.018252004782183251 ) ) ;
#590 = CARTESIAN_POINT ( 'NONE',  ( 4.016951000193873966, 5.533807851767552854, 2.873886945088580891 ) ) ;
#591 = CARTESIAN_POINT ( 'NONE',  ( 7.048691602742868843E-15, 9.250000000000001776, -2.950000000000000178 ) ) ;
#592 = CARTESIAN_POINT ( 'NONE',  ( 3.104104332667055655, 3.822051257043679318, 1.111465978351414030 ) ) ;
#593 = EDGE_CURVE ( 'NONE', #297, #1284, #199, .T. ) ;
#594 = CARTESIAN_POINT ( 'NONE',  ( -3.930510273053403392, 4.387885038776858870, -0.6455934569638028808 ) ) ;
#595 = APPLICATION_CONTEXT ( 'automotive_design' ) ;
#596 = CARTESIAN_POINT ( 'NONE',  ( 3.286370951950679853, 4.836869817886121581, 2.864382568711260291 ) ) ;
#597 = DIRECTION ( 'NONE',  ( -0.000000000000000000, -1.000000000000000000, -0.000000000000000000 ) ) ;
#598 = CARTESIAN_POINT ( 'NONE',  ( 3.094520291919512278, 3.375451363586582598, 1.142087115229692307 ) ) ;
#599 = AXIS2_PLACEMENT_3D ( 'NONE', #1080, #1, #295 ) ;
#600 = CARTESIAN_POINT ( 'NONE',  ( 3.853477073165295863, 5.417906575592373208, 2.895512741440452231 ) ) ;
#601 = EDGE_CURVE ( 'NONE', #297, #618, #703, .T. ) ;
#602 = CARTESIAN_POINT ( 'NONE',  ( -4.426492656536547443, 4.834417650536069644, -1.147707632279733714 ) ) ;
#603 = DIRECTION ( 'NONE',  ( 1.000000000000000000, 0.000000000000000000, -0.000000000000000000 ) ) ;
#604 = DIRECTION ( 'NONE',  ( 0.000000000000000000, 0.000000000000000000, -1.000000000000000000 ) ) ;
#605 = CARTESIAN_POINT ( 'NONE',  ( 2.764587712322493118, 3.628158447320953162, 1.691592863984475947 ) ) ;
#606 = PRODUCT_DEFINITION_SHAPE ( 'NONE', 'NONE',  #252 ) ;
#607 = CARTESIAN_POINT ( 'NONE',  ( -2.365452687947344756, 3.464883681034189422, -1.575142106862521985 ) ) ;
#608 = CARTESIAN_POINT ( 'NONE',  ( -3.104104332666903332, 3.822051257043763250, -1.111465978351431572 ) ) ;
#609 = CARTESIAN_POINT ( 'NONE',  ( 3.705479213189261323, 5.391048926633983385, 2.912288683559261404 ) ) ;
#610 = CARTESIAN_POINT ( 'NONE',  ( -4.069998591883913441, 5.501865571306010061, -2.851748445725053926 ) ) ;
#611 = ORIENTED_EDGE ( 'NONE', *, *, #1053, .T. ) ;
#612 = CARTESIAN_POINT ( 'NONE',  ( -4.597366259039393555, 5.014655927614790620, -1.142610104802543880 ) ) ;
#613 = DIRECTION ( 'NONE',  ( 0.000000000000000000, 0.000000000000000000, 1.000000000000000000 ) ) ;
#614 = FACE_OUTER_BOUND ( 'NONE', #398, .T. ) ;
#615 = AXIS2_PLACEMENT_3D ( 'NONE', #739, #753, #460 ) ;
#616 = CARTESIAN_POINT ( 'NONE',  ( -4.741578715266650867, 5.176726520303361667, -1.769617383694773283 ) ) ;
#617 = ADVANCED_FACE ( 'NONE', ( #614 ), #1021, .T. ) ;
#618 = VERTEX_POINT ( 'NONE', #289 ) ;
#619 = CARTESIAN_POINT ( 'NONE',  ( 3.975741951758030801, 5.505363172062237354, 2.878457211897559986 ) ) ;
#620 = CARTESIAN_POINT ( 'NONE',  ( -3.750000000000000444, 0.5999999999999946487, -1.899999999999999911 ) ) ;
#621 = CIRCLE ( 'NONE', #1193, 0.5999999999999998668 ) ;
#622 = DIRECTION ( 'NONE',  ( 0.000000000000000000, 0.000000000000000000, -1.000000000000000000 ) ) ;
#623 = CARTESIAN_POINT ( 'NONE',  ( -4.505946566765672401, 5.379732800792089265, -2.560419822567392867 ) ) ;
#624 = ADVANCED_FACE ( 'NONE', ( #93 ), #487, .F. ) ;
#625 = EDGE_LOOP ( 'NONE', ( #124, #1081, #379, #940, #736 ) ) ;
#626 = CARTESIAN_POINT ( 'NONE',  ( 2.754288455902961008, 3.622356824170749334, 1.805196002199347172 ) ) ;
#627 = DIRECTION ( 'NONE',  ( -0.000000000000000000, 1.000000000000000000, -0.000000000000000000 ) ) ;
#628 = CARTESIAN_POINT ( 'NONE',  ( -3.518510056661387608, 4.906556417470462783, -2.874262271880834163 ) ) ;
#629 = CARTESIAN_POINT ( 'NONE',  ( -3.692525294554061421, 5.371318098431784982, -2.910607800350935026 ) ) ;
#630 = ORIENTED_EDGE ( 'NONE', *, *, #601, .F. ) ;
#631 = CARTESIAN_POINT ( 'NONE',  ( 2.987329885970888554, 4.109850308846848321, 2.577513290658272282 ) ) ;
#632 = ADVANCED_FACE ( 'NONE', ( #1002 ), #1010, .T. ) ;
#633 =( NAMED_UNIT ( * ) PLANE_ANGLE_UNIT ( ) SI_UNIT ( $, .RADIAN. ) );
#634 = CARTESIAN_POINT ( 'NONE',  ( -3.779324991818276303, 5.444256239115365936, -2.908417588046158908 ) ) ;
#635 = ORIENTED_EDGE ( 'NONE', *, *, #1072, .T. ) ;
#636 = CARTESIAN_POINT ( 'NONE',  ( 2.956516096284094175, 3.657721849336111219, 2.512063375364983031 ) ) ;
#637 = EDGE_CURVE ( 'NONE', #1262, #273, #682, .T. ) ;
#638 = B_SPLINE_CURVE_WITH_KNOTS ( 'NONE', 3,
 ( #1265, #666, #549, #438, #350, #762, #1074, #251, #52, #572 ),
 .UNSPECIFIED., .F., .F.,
 ( 4, 2, 2, 2, 4 ),
 ( 0.000000000000000000, 0.0004180783990889445131, 0.0008361567981778890261, 0.001254235197266833539, 0.001672313596355778052 ),
 .UNSPECIFIED. ) ;
#639 = VECTOR ( 'NONE', #945, 1000.000000000000000 ) ;
#640 = CARTESIAN_POINT ( 'NONE',  ( 7.048691602742868843E-15, 9.250000000000001776, 2.950000000000000178 ) ) ;
#641 = AXIS2_PLACEMENT_3D ( 'NONE', #1143, #658, #191 ) ;
#642 = CARTESIAN_POINT ( 'NONE',  ( -2.333442668943103371, 3.451920063178348208, -1.841149409861954522 ) ) ;
#643 = EDGE_LOOP ( 'NONE', ( #358, #1232, #831, #373, #796 ) ) ;
#644 = CARTESIAN_POINT ( 'NONE',  ( 3.653801869395399304, 5.330656210019839136, 2.909811931907665183 ) ) ;
#645 = DIRECTION ( 'NONE',  ( 0.000000000000000000, 0.000000000000000000, 1.000000000000000000 ) ) ;
#646 = CARTESIAN_POINT ( 'NONE',  ( 3.750000000000000000, -20.00000000000000000, 1.499999999999999556 ) ) ;
#647 = CARTESIAN_POINT ( 'NONE',  ( -3.750000000000000444, 0.000000000000000000, -1.499999999999999556 ) ) ;
#648 = CARTESIAN_POINT ( 'NONE',  ( -2.739013626811247715, 3.631657669901618313, -1.968514459358480018 ) ) ;
#649 = VERTEX_POINT ( 'NONE', #304 ) ;
#650 = CARTESIAN_POINT ( 'NONE',  ( 2.336465082514558755, 3.464762265123927154, 1.933915048906470480 ) ) ;
#651 = DIRECTION ( 'NONE',  ( 0.000000000000000000, 0.000000000000000000, 1.000000000000000000 ) ) ;
#652 = DIRECTION ( 'NONE',  ( 1.224646799147353207E-16, 1.000000000000000000, -0.000000000000000000 ) ) ;
#653 =( BOUNDED_SURFACE ( )  B_SPLINE_SURFACE ( 3, 2, ( 
 ( #585, #294, #376 ),
 ( #198, #87, #187 ),
 ( #1197, #692, #282 ),
 ( #784, #579, #1302 ),
 ( #472, #602, #884 ),
 ( #80, #1179, #190 ),
 ( #71, #383, #589 ),
 ( #594, #1189, #1276 ),
 ( #996, #1281, #275 ),
 ( #678, #181, #480 ),
 ( #889, #685, #92 ),
 ( #1001, #485, #1292 ),
 ( #416, #608, #827 ),
 ( #1135, #917, #309 ),
 ( #230, #30, #528 ),
 ( #5, #423, #1114 ),
 ( #705, #211, #1008 ),
 ( #935, #1228, #1129 ),
 ( #821, #106, #521 ),
 ( #1121, #512, #501 ) ),
 .UNSPECIFIED., .F., .F., .F. ) 
 B_SPLINE_SURFACE_WITH_KNOTS ( ( 4, 2, 2, 2, 2, 2, 2, 2, 2, 4 ),
 ( 3, 3 ),
 ( -8.131516293641283255E-19, 0.0005354408609696552530, 0.001070881721939311373, 0.001606322582908967494, 0.002141763443878623614, 0.002677204304848279735, 0.003212645165817935855, 0.003480365596302764132, 0.003748086026787591975, 0.004283526887757248096 ),
 ( 0.000000000000000000, 1.000000000000000000 ),
 .UNSPECIFIED. ) 
 GEOMETRIC_REPRESENTATION_ITEM ( )  RATIONAL_B_SPLINE_SURFACE ( (
 ( 1.000000000000000000, 0.9392885745891680349, 1.000000000000000000),
 ( 1.000000000000000000, 0.9352834944313035415, 1.000000000000000000),
 ( 1.000000000000000000, 0.9239880674112623815, 1.000000000000000000),
 ( 1.000000000000000000, 0.8943821586454108186, 1.000000000000000000),
 ( 1.000000000000000000, 0.8757828698562547531, 1.000000000000000000),
 ( 1.000000000000000000, 0.8354323067388954582, 1.000000000000000000),
 ( 1.000000000000000000, 0.8132208677367475103, 1.000000000000000000),
 ( 1.000000000000000000, 0.7673516610596374798, 1.000000000000000000),
 ( 1.000000000000000000, 0.7439451683113778024, 1.000000000000000000),
 ( 1.000000000000000000, 0.6972473049156402425, 1.000000000000000000),
 ( 1.000000000000000000, 0.6749704328413712595, 1.000000000000000000),
 ( 1.000000000000000000, 0.6342647691117342390, 1.000000000000000000),
 ( 1.000000000000000000, 0.6167145515542967749, 1.000000000000000000),
 ( 1.000000000000000000, 0.5956443066628439587, 1.000000000000000000),
 ( 1.000000000000000000, 0.5894635559800026625, 1.000000000000000000),
 ( 1.000000000000000000, 0.5791954431098377265, 1.000000000000000000),
 ( 1.000000000000000000, 0.5750039836221134681, 1.000000000000000000),
 ( 1.000000000000000000, 0.5647526522812733596, 1.000000000000000000),
 ( 1.000000000000000000, 0.5612793390676095173, 1.000000000000000000),
 ( 1.000000000000000000, 0.5599713031190363122, 1.000000000000000000) ) ) 
 REPRESENTATION_ITEM ( '' )  SURFACE ( )  );
#654 = CARTESIAN_POINT ( 'NONE',  ( -3.115702154812495905, 4.002296270059946259, -2.681565920774384715 ) ) ;
#655 = EDGE_LOOP ( 'NONE', ( #286, #253, #701, #364, #951, #927, #42, #1195 ) ) ;
#656 = EDGE_CURVE ( 'NONE', #772, #537, #465, .T. ) ;
#657 = CARTESIAN_POINT ( 'NONE',  ( 3.750000000000000000, -20.00000000000000000, 1.899999999999999911 ) ) ;
#658 = DIRECTION ( 'NONE',  ( 0.000000000000000000, 0.000000000000000000, 1.000000000000000000 ) ) ;
#659 = CARTESIAN_POINT ( 'NONE',  ( -2.756679109988849241, 3.178972189356346956, -1.784615384615385381 ) ) ;
#660 = CARTESIAN_POINT ( 'NONE',  ( -4.791681246427048180, 5.330995879193648257, -2.136926206754171886 ) ) ;
#661 = AXIS2_PLACEMENT_3D ( 'NONE', #1272, #1068, #1075 ) ;
#662 = ORIENTED_EDGE ( 'NONE', *, *, #637, .T. ) ;
#663 = SURFACE_STYLE_USAGE ( .BOTH. , #1171 ) ;
#664 = DIRECTION ( 'NONE',  ( 0.000000000000000000, 1.000000000000000000, 0.000000000000000000 ) ) ;
#665 = FACE_OUTER_BOUND ( 'NONE', #1117, .T. ) ;
#666 = CARTESIAN_POINT ( 'NONE',  ( -2.772733588613718769, 3.187424585572106839, -1.646405893313949376 ) ) ;
#667 = CARTESIAN_POINT ( 'NONE',  ( -4.016951000193871302, 5.533807851767573283, -2.873886945088581779 ) ) ;
#668 = EDGE_LOOP ( 'NONE', ( #838, #611, #171, #116 ) ) ;
#669 =( NAMED_UNIT ( * ) SI_UNIT ( $, .STERADIAN. ) SOLID_ANGLE_UNIT ( ) );
#670 = EDGE_CURVE ( 'NONE', #1030, #1156, #976, .T. ) ;
#671 = SURFACE_SIDE_STYLE ('',( #494 ) ) ;
#672 = CARTESIAN_POINT ( 'NONE',  ( -4.506263751158616770, 4.916764421562746179, -1.025465248563525389 ) ) ;
#673 = CARTESIAN_POINT ( 'NONE',  ( -3.178505046662583933, 4.673812529475553035, -2.835402818801851854 ) ) ;
#674 = CARTESIAN_POINT ( 'NONE',  ( -3.773472145520647913, 5.346351481651154813, -2.900000000002817657 ) ) ;
#675 = FACE_OUTER_BOUND ( 'NONE', #1252, .T. ) ;
#676 = PRODUCT_DEFINITION_CONTEXT ( 'detailed design', #595, 'design' ) ;
#677 = CARTESIAN_POINT ( 'NONE',  ( 4.654436715846732575, 5.208788795487198087, 2.349928378586271460 ) ) ;
#678 = CARTESIAN_POINT ( 'NONE',  ( -3.520381186635380910, 4.082891171550975251, -0.5931810027886824654 ) ) ;
#679 = CARTESIAN_POINT ( 'NONE',  ( -2.639113729568829836, 3.898532607878238743, -2.535367016696918441 ) ) ;
#680 = CLOSED_SHELL ( 'NONE', ( #811, #454, #581, #417 ) ) ;
#681 = CARTESIAN_POINT ( 'NONE',  ( -4.760386022992438626, 5.094923991374537664, -1.931525377985187530 ) ) ;
#682 = CIRCLE ( 'NONE', #962, 1.199999999999999734 ) ;
#683 = ORIENTED_EDGE ( 'NONE', *, *, #718, .T. ) ;
#684 = FILL_AREA_STYLE_COLOUR ( '', #12 ) ;
#685 = CARTESIAN_POINT ( 'NONE',  ( -3.409886685589468058, 4.010689881838942483, -0.9362088444982917812 ) ) ;
#686 = DIRECTION ( 'NONE',  ( 0.000000000000000000, -0.000000000000000000, -1.000000000000000000 ) ) ;
#687 = DIRECTION ( 'NONE',  ( -0.000000000000000000, -1.000000000000000000, -0.000000000000000000 ) ) ;
#688 =( BOUNDED_SURFACE ( )  B_SPLINE_SURFACE ( 3, 2, ( 
 ( #716, #885, #105 ),
 ( #804, #915, #1215 ),
 ( #710, #1026, #505 ),
 ( #300, #1301, #125 ),
 ( #500, #197, #175 ),
 ( #313, #1209, #511 ),
 ( #908, #1013, #17 ),
 ( #1113, #1107, #111 ),
 ( #81, #923, #473 ),
 ( #215, #388, #813 ),
 ( #798, #619, #876 ),
 ( #600, #1277, #1007 ),
 ( #4, #704, #367 ),
 ( #776, #203, #9 ),
 ( #833, #850, #644 ),
 ( #223, #38, #1048 ),
 ( #751, #1226, #235 ),
 ( #130, #1247, #43 ),
 ( #422, #1134, #1031 ),
 ( #1255, #48, #320 ),
 ( #347, #631, #242 ),
 ( #1055, #934, #441 ),
 ( #636, #147, #1128 ),
 ( #1240, #929, #533 ),
 ( #1157, #545, #23 ),
 ( #429, #952, #1151 ),
 ( #724, #1042, #339 ),
 ( #743, #435, #650 ),
 ( #229, #526, #520 ),
 ( #249, #626, #825 ) ),
 .UNSPECIFIED., .F., .F., .F. ) 
 B_SPLINE_SURFACE_WITH_KNOTS ( ( 4, 2, 2, 2, 2, 2, 2, 2, 2, 2, 2, 2, 2, 2, 4 ),
 ( 3, 3 ),
 ( 2.168404344971008868E-19, 0.0006789823455998017726, 0.001018473518399702496, 0.001357964691199603328, 0.001697455863999504161, 0.002036947036799404993, 0.002206692623199355517, 0.002376438209599305608, 0.002715929382399206657, 0.003394911727999008321, 0.004073894073598809985, 0.004413385246398711034, 0.004752876419198611216, 0.005092367591998512265, 0.005431858764798413314 ),
 ( 0.000000000000000000, 1.000000000000000000 ),
 .UNSPECIFIED. ) 
 GEOMETRIC_REPRESENTATION_ITEM ( )  RATIONAL_B_SPLINE_SURFACE ( (
 ( 1.000000000000000000, 0.9392885745891677018, 1.000000000000000000),
 ( 1.000000000000000000, 0.9397223454076190086, 1.000000000000000000),
 ( 1.000000000000000000, 0.9444164768006604316, 1.000000000000000000),
 ( 1.000000000000000000, 0.9550719748702138912, 1.000000000000000000),
 ( 1.000000000000000000, 0.9592736448541400174, 1.000000000000000000),
 ( 1.000000000000000000, 0.9679736781584399319, 1.000000000000000000),
 ( 1.000000000000000000, 0.9724951153754383126, 1.000000000000000000),
 ( 1.000000000000000000, 0.9811449030366762303, 1.000000000000000000),
 ( 1.000000000000000000, 0.9851536208689032348, 1.000000000000000000),
 ( 1.000000000000000000, 0.9916561570406173809, 1.000000000000000000),
 ( 1.000000000000000000, 0.9941676443791239715, 1.000000000000000000),
 ( 1.000000000000000000, 0.9944285305405835551, 1.000000000000000000),
 ( 1.000000000000000000, 0.9939022302454353364, 1.000000000000000000),
 ( 1.000000000000000000, 0.9916978348377326613, 1.000000000000000000),
 ( 1.000000000000000000, 0.9900770031590556686, 1.000000000000000000),
 ( 1.000000000000000000, 0.9839356079507426411, 1.000000000000000000),
 ( 1.000000000000000000, 0.9780859329654457701, 1.000000000000000000),
 ( 1.000000000000000000, 0.9557509358239024699, 1.000000000000000000),
 ( 1.000000000000000000, 0.9343894213389809522, 1.000000000000000000),
 ( 1.000000000000000000, 0.8764336620310952952, 1.000000000000000000),
 ( 1.000000000000000000, 0.8394325182681898756, 1.000000000000000000),
 ( 1.000000000000000000, 0.7711284572717466146, 1.000000000000000000),
 ( 1.000000000000000000, 0.7465300530131482315, 1.000000000000000000),
 ( 1.000000000000000000, 0.6946707336199207106, 1.000000000000000000),
 ( 1.000000000000000000, 0.6679501739135992322, 1.000000000000000000),
 ( 1.000000000000000000, 0.6174041028287645672, 1.000000000000000000),
 ( 1.000000000000000000, 0.5937034589112505367, 1.000000000000000000),
 ( 1.000000000000000000, 0.5621840164065113887, 1.000000000000000000),
 ( 1.000000000000000000, 0.5549276360822551490, 1.000000000000000000),
 ( 1.000000000000000000, 0.5599713031190377555, 1.000000000000000000) ) ) 
 REPRESENTATION_ITEM ( '' )  SURFACE ( )  );
#689 = EDGE_CURVE ( 'NONE', #1138, #385, #1005, .T. ) ;
#690 = VERTEX_POINT ( 'NONE', #1236 ) ;
#691 = CARTESIAN_POINT ( 'NONE',  ( 3.799296928332064560, 4.284374138679111432, 0.6124498545810638239 ) ) ;
#692 = CARTESIAN_POINT ( 'NONE',  ( -4.665457638665400530, 5.088425897872779657, -1.472998467272019774 ) ) ;
#693 = DIRECTION ( 'NONE',  ( 0.000000000000000000, -1.000000000000000000, 0.000000000000000000 ) ) ;
#694 = DIRECTION ( 'NONE',  ( -0.000000000000000000, -1.000000000000000000, -0.000000000000000000 ) ) ;
#695 = VERTEX_POINT ( 'NONE', #647 ) ;
#696 = CARTESIAN_POINT ( 'NONE',  ( 3.092921453438373991, 3.816382508559060138, 0.6935360931572788212 ) ) ;
#697 = FACE_OUTER_BOUND ( 'NONE', #268, .T. ) ;
#698 = CARTESIAN_POINT ( 'NONE',  ( -4.743320890011151647, 5.068179664022951059, -1.784615384615385825 ) ) ;
#699 = CARTESIAN_POINT ( 'NONE',  ( 4.791681246427047292, 5.330995879193629605, 2.136926206754169666 ) ) ;
#700 = CARTESIAN_POINT ( 'NONE',  ( -3.892812560748028616, 5.437571388705356057, -2.890403184431632688 ) ) ;
#701 = ORIENTED_EDGE ( 'NONE', *, *, #283, .T. ) ;
#702 = CARTESIAN_POINT ( 'NONE',  ( 4.233995561018191189, 4.376157260713288366, 1.018252004782154607 ) ) ;
#703 = CIRCLE ( 'NONE', #303, 6.250000000000000000 ) ;
#704 = CARTESIAN_POINT ( 'NONE',  ( 3.796643842487629428, 5.416774478795580272, 2.899824617490513567 ) ) ;
#705 = CARTESIAN_POINT ( 'NONE',  ( -2.548299484247995572, 3.542917026700926009, -1.170148109822626958 ) ) ;
#706 = DIRECTION ( 'NONE',  ( 0.000000000000000000, -1.000000000000000000, 0.000000000000000000 ) ) ;
#707 = CARTESIAN_POINT ( 'NONE',  ( -4.808954932267838878, 5.323916771829550143, -2.112738859487174548 ) ) ;
#708 = EDGE_LOOP ( 'NONE', ( #488, #1047 ) ) ;
#709 = CARTESIAN_POINT ( 'NONE',  ( 3.763028204685353373, 4.257667740410222557, 0.8802279365317163817 ) ) ;
#710 = CARTESIAN_POINT ( 'NONE',  ( 4.737075267024008163, 5.140793827683737938, 2.133402749807473242 ) ) ;
#711 = CARTESIAN_POINT ( 'NONE',  ( 3.750000000000000000, 0.000000000000000000, 1.899999999999999911 ) ) ;
#712 = EDGE_CURVE ( 'NONE', #221, #858, #788, .T. ) ;
#713 = CARTESIAN_POINT ( 'NONE',  ( 2.332146575243736919, 3.451395163039366665, 1.850503952137891872 ) ) ;
#714 = CARTESIAN_POINT ( 'NONE',  ( -4.447003549666193933, 5.404759097034354198, -2.622669370347350259 ) ) ;
#715 = ORIENTED_EDGE ( 'NONE', *, *, #637, .F. ) ;
#716 = CARTESIAN_POINT ( 'NONE',  ( 4.743320890011150759, 5.068179664022934183, 1.784615384615384936 ) ) ;
#717 = CARTESIAN_POINT ( 'NONE',  ( 3.750000000000000000, 0.5999999999999998668, 1.500000000000001332 ) ) ;
#718 = EDGE_CURVE ( 'NONE', #808, #695, #1051, .T. ) ;
#719 = DIRECTION ( 'NONE',  ( -0.000000000000000000, -1.000000000000000000, -0.000000000000000000 ) ) ;
#720 = STYLED_ITEM ( 'NONE', ( #1101 ), #1144 ) ;
#721 = CARTESIAN_POINT ( 'NONE',  ( -3.532185678636948101, 5.081146060479591497, -2.878995451420548690 ) ) ;
#722 = ORIENTED_EDGE ( 'NONE', *, *, #970, .T. ) ;
#723 = STYLED_ITEM ( 'NONE', ( #968 ), #315 ) ;
#724 = CARTESIAN_POINT ( 'NONE',  ( 2.772845214858790985, 3.256572735320726775, 2.128720898300425546 ) ) ;
#725 = DIRECTION ( 'NONE',  ( 0.000000000000000000, 0.000000000000000000, 1.000000000000000000 ) ) ;
#726 = STYLED_ITEM ( 'NONE', ( #238 ), #758 ) ;
#727 = VECTOR ( 'NONE', #1242, 1000.000000000000000 ) ;
#728 = CARTESIAN_POINT ( 'NONE',  ( -3.622144001215158671, 5.118436257917974075, -2.893190521426806328 ) ) ;
#729 = CARTESIAN_POINT ( 'NONE',  ( -3.585996071809270713, 5.046558111543849812, -2.887553954921704413 ) ) ;
#730 = ORIENTED_EDGE ( 'NONE', *, *, #1140, .T. ) ;
#731 = ADVANCED_FACE ( 'NONE', ( #1037 ), #218, .T. ) ;
#732 = CARTESIAN_POINT ( 'NONE',  ( -4.541314698397295402, 4.768647397807173505, -1.275610951547507144 ) ) ;
#733 = CARTESIAN_POINT ( 'NONE',  ( 4.735021185555112311, 5.170360504596883899, 1.423410547548886740 ) ) ;
#734 = FACE_OUTER_BOUND ( 'NONE', #569, .T. ) ;
#735 = CARTESIAN_POINT ( 'NONE',  ( -4.703553956153576188, 5.382562859774294495, -2.356528573135113547 ) ) ;
#736 = ORIENTED_EDGE ( 'NONE', *, *, #670, .T. ) ;
#737 = CARTESIAN_POINT ( 'NONE',  ( 4.301371277950218897, 4.713310821483846169, 0.8339908554015668107 ) ) ;
#738 = APPLICATION_PROTOCOL_DEFINITION ( 'draft international standard', 'automotive_design', 1998, #410 ) ;
#739 = CARTESIAN_POINT ( 'NONE',  ( -5.049999999999993605, 9.250000000000001776, 1.750000000000000444 ) ) ;
#740 = CARTESIAN_POINT ( 'NONE',  ( 2.835770387767822864, 3.397836542403614324, 2.313389200149857938 ) ) ;
#741 = CARTESIAN_POINT ( 'NONE',  ( -2.995243172146717203, 3.740922940974650057, -2.558511117628407661 ) ) ;
#742 = ORIENTED_EDGE ( 'NONE', *, *, #132, .F. ) ;
#743 = CARTESIAN_POINT ( 'NONE',  ( 2.748317521409978870, 3.189104207480174757, 1.961456777734170265 ) ) ;
#744 = FACE_OUTER_BOUND ( 'NONE', #1205, .T. ) ;
#745 = PRESENTATION_LAYER_ASSIGNMENT (  '', '', ( #723 ) ) ;
#746 = LINE ( 'NONE', #841, #493 ) ;
#747 = CARTESIAN_POINT ( 'NONE',  ( -5.041317157014495898, 5.068179664022950170, -1.750000000000001554 ) ) ;
#748 = AXIS2_PLACEMENT_3D ( 'NONE', #1192, #973, #474 ) ;
#749 = CARTESIAN_POINT ( 'NONE',  ( -3.479714871225587203, 5.114191357006936833, -2.897056107871865738 ) ) ;
#750 = ORIENTED_EDGE ( 'NONE', *, *, #1045, .F. ) ;
#751 = CARTESIAN_POINT ( 'NONE',  ( 3.585996071809270269, 5.046558111543833824, 2.887553954921703081 ) ) ;
#752 = SURFACE_STYLE_USAGE ( .BOTH. , #860 ) ;
#753 = DIRECTION ( 'NONE',  ( 1.224646799147353207E-16, 1.000000000000000000, -0.000000000000000000 ) ) ;
#754 = DIRECTION ( 'NONE',  ( 0.000000000000000000, -0.9903369695214681023, -0.1386819627746692929 ) ) ;
#755 = ADVANCED_FACE ( 'NONE', ( #842 ), #334, .F. ) ;
#756 = CARTESIAN_POINT ( 'NONE',  ( -2.336465082514555203, 3.464762265123936924, -1.933915048906494460 ) ) ;
#757 = ORIENTED_EDGE ( 'NONE', *, *, #24, .F. ) ;
#758 = MANIFOLD_SOLID_BREP ( 'Boss-Extrude3[2]', #557 ) ;
#759 =( LENGTH_UNIT ( ) NAMED_UNIT ( * ) SI_UNIT ( .MILLI., .METRE. ) );
#760 = PRESENTATION_STYLE_ASSIGNMENT (( #752 ) ) ;
#761 = CARTESIAN_POINT ( 'NONE',  ( -3.750000000000000444, 15.50100000000000122, -0.8999999999999998002 ) ) ;
#762 = CARTESIAN_POINT ( 'NONE',  ( -3.228912483959558877, 3.463690833706041250, -1.037758452825737532 ) ) ;
#763 = EDGE_CURVE ( 'NONE', #273, #1199, #1043, .T. ) ;
#764 = CARTESIAN_POINT ( 'NONE',  ( 7.048691602742868843E-15, 9.250000000000001776, 1.750000000000000444 ) ) ;
#765 = ORIENTED_EDGE ( 'NONE', *, *, #656, .T. ) ;
#766 = CIRCLE ( 'NONE', #236, 1.199999999999999734 ) ;
#767 = CARTESIAN_POINT ( 'NONE',  ( -3.750000000000000444, 0.000000000000000000, -2.300000000000000266 ) ) ;
#768 = CARTESIAN_POINT ( 'NONE',  ( -3.750000000000000444, 0.5999999999999998668, -1.899999999999999911 ) ) ;
#769 = CARTESIAN_POINT ( 'NONE',  ( -2.518566138315700975, 3.732394733082834648, -2.394178928905688064 ) ) ;
#770 = DIRECTION ( 'NONE',  ( -0.000000000000000000, -1.000000000000000000, -0.000000000000000000 ) ) ;
#771 = AXIS2_PLACEMENT_3D ( 'NONE', #192, #515, #507 ) ;
#772 = VERTEX_POINT ( 'NONE', #1241 ) ;
#773 = ADVANCED_FACE ( 'NONE', ( #436 ), #158, .T. ) ;
#774 = CARTESIAN_POINT ( 'NONE',  ( -3.750000000000000444, 0.5999999999999946487, -2.900000000000000355 ) ) ;
#775 = CARTESIAN_POINT ( 'NONE',  ( -3.750000000000000444, -20.00000000000000000, -1.499999999999999556 ) ) ;
#776 = CARTESIAN_POINT ( 'NONE',  ( 3.746224082644762809, 5.316087176968070871, 2.900584413919836901 ) ) ;
#777 = CARTESIAN_POINT ( 'NONE',  ( -3.705479213189259990, 5.391048926634002036, -2.912288683559263180 ) ) ;
#778 = ORIENTED_EDGE ( 'NONE', *, *, #1294, .F. ) ;
#779 =( NAMED_UNIT ( * ) PLANE_ANGLE_UNIT ( ) SI_UNIT ( $, .RADIAN. ) );
#780 = ADVANCED_FACE ( 'NONE', ( #744 ), #1275, .T. ) ;
#781 = CARTESIAN_POINT ( 'NONE',  ( 4.760386022992435073, 5.094923991374516348, 1.931525377985186642 ) ) ;
#782 = CARTESIAN_POINT ( 'NONE',  ( -2.534677881626862916, 3.755709945628984414, -2.432795491389810660 ) ) ;
#783 = CARTESIAN_POINT ( 'NONE',  ( -3.750000000000000444, -20.00000000000000000, -1.899999999999999911 ) ) ;
#784 = CARTESIAN_POINT ( 'NONE',  ( -4.591495725325081878, 5.008236465184937813, -1.133742269957316307 ) ) ;
#785 = ADVANCED_FACE ( 'NONE', ( #443 ), #922, .T. ) ;
#786 = CARTESIAN_POINT ( 'NONE',  ( -2.852819462687840257, 4.198884073932929617, -2.694793470297566440 ) ) ;
#787 = CARTESIAN_POINT ( 'NONE',  ( 4.461251965581118917, 4.659182662551926590, 1.188162396105574725 ) ) ;
#788 = CIRCLE ( 'NONE', #36, 1.199999999999999956 ) ;
#789 = ORIENTED_EDGE ( 'NONE', *, *, #184, .F. ) ;
#790 = AXIS2_PLACEMENT_3D ( 'NONE', #430, #50, #155 ) ;
#791 = DIRECTION ( 'NONE',  ( -1.000000000000000000, 0.000000000000000000, 0.000000000000000000 ) ) ;
#792 = DIRECTION ( 'NONE',  ( 0.000000000000000000, 0.000000000000000000, 1.000000000000000000 ) ) ;
#793 = EDGE_CURVE ( 'NONE', #214, #1284, #14, .T. ) ;
#794 = CARTESIAN_POINT ( 'NONE',  ( 3.513159762120659835, 5.161213070676652137, 2.900981934650019411 ) ) ;
#795 = FACE_OUTER_BOUND ( 'NONE', #643, .T. ) ;
#796 = ORIENTED_EDGE ( 'NONE', *, *, #132, .T. ) ;
#797 = CARTESIAN_POINT ( 'NONE',  ( 2.817543197301107583, 3.210845976296636373, 1.514167790723254026 ) ) ;
#798 = CARTESIAN_POINT ( 'NONE',  ( 3.977762249592431854, 5.471802098914010593, 2.877311030238143719 ) ) ;
#799 =( NAMED_UNIT ( * ) PLANE_ANGLE_UNIT ( ) SI_UNIT ( $, .RADIAN. ) );
#800 = DIRECTION ( 'NONE',  ( 0.000000000000000000, 0.000000000000000000, -1.000000000000000000 ) ) ;
#801 = CARTESIAN_POINT ( 'NONE',  ( -3.998997467030945163, 5.468530985969035640, -2.871172406100522601 ) ) ;
#802 = EDGE_LOOP ( 'NONE', ( #550, #630, #1126, #844, #974, #559 ) ) ;
#803 = PLANE ( 'NONE',  #99 ) ;
#804 = CARTESIAN_POINT ( 'NONE',  ( 4.763276537969660218, 5.099453968523511627, 1.956409188536488264 ) ) ;
#805 = PLANE ( 'NONE',  #397 ) ;
#806 = PRESENTATION_LAYER_ASSIGNMENT (  '', '', ( #1019 ) ) ;
#807 = CARTESIAN_POINT ( 'NONE',  ( 2.346071415062505494, 3.457034531828569346, 1.750000000000000444 ) ) ;
#808 = VERTEX_POINT ( 'NONE', #775 ) ;
#809 = ORIENTED_EDGE ( 'NONE', *, *, #1072, .F. ) ;
#810 = CARTESIAN_POINT ( 'NONE',  ( 2.596752087304698087, 3.564673927101315254, 1.100478667572254210 ) ) ;
#811 = ADVANCED_FACE ( 'NONE', ( #852 ), #1078, .T. ) ;
#812 = AXIS2_PLACEMENT_3D ( 'NONE', #167, #1257, #1159 ) ;
#813 = CARTESIAN_POINT ( 'NONE',  ( 4.075968305414362725, 5.540158154333095553, 2.860737769274258824 ) ) ;
#814 = DIRECTION ( 'NONE',  ( 1.000000000000000000, 0.000000000000000000, 0.000000000000000000 ) ) ;
#815 = CARTESIAN_POINT ( 'NONE',  ( 4.251329047042144538, 5.523044374207019658, 2.791118418151532499 ) ) ;
#816 = CARTESIAN_POINT ( 'NONE',  ( -4.432307431037685319, 5.335426498708196519, -2.635998050560253159 ) ) ;
#817 = EDGE_LOOP ( 'NONE', ( #1163, #778 ) ) ;
#818 = CARTESIAN_POINT ( 'NONE',  ( -4.285791777033725936, 4.437918984451843407, -1.048225790174294403 ) ) ;
#819 = CARTESIAN_POINT ( 'NONE',  ( -4.800766408081143410, 5.248079162764526018, -1.662931121261526757 ) ) ;
#820 = EDGE_CURVE ( 'NONE', #214, #772, #1070, .T. ) ;
#821 = CARTESIAN_POINT ( 'NONE',  ( -2.365998476590221333, 3.465104717935022727, -1.570218029801744519 ) ) ;
#822 = CARTESIAN_POINT ( 'NONE',  ( 4.499237629735088895, 5.467660462531616972, 2.637835983966762221 ) ) ;
#823 = CARTESIAN_POINT ( 'NONE',  ( -3.588346740881279029, 5.174334076394429438, -2.889946059332640260 ) ) ;
#824 = ORIENTED_EDGE ( 'NONE', *, *, #222, .F. ) ;
#825 = CARTESIAN_POINT ( 'NONE',  ( 2.346071415062505494, 3.457034531828568458, 1.750000000000000888 ) ) ;
#826 =( BOUNDED_SURFACE ( )  B_SPLINE_SURFACE ( 3, 2, ( 
 ( #1077, #56, #352 ),
 ( #1164, #173, #64 ),
 ( #459, #254, #159 ),
 ( #265, #867, #562 ),
 ( #1268, #359, #166 ),
 ( #570, #874, #1274 ),
 ( #575, #298, #702 ),
 ( #292, #893, #504 ),
 ( #691, #709, #1094 ),
 ( #483, #994, #1106 ),
 ( #999, #1290, #914 ),
 ( #696, #1111, #196 ),
 ( #186, #592, #901 ),
 ( #209, #400, #598 ),
 ( #1089, #381, #8 ),
 ( #810, #306, #588 ),
 ( #499, #202, #1098 ),
 ( #90, #387, #797 ),
 ( #490, #605, #97 ),
 ( #1006, #3, #104 ) ),
 .UNSPECIFIED., .F., .F., .T. ) 
 B_SPLINE_SURFACE_WITH_KNOTS ( ( 4, 2, 2, 2, 2, 2, 2, 2, 2, 4 ),
 ( 3, 3 ),
 ( -3.794707603699265519E-19, 0.0005354408609696540604, 0.001070881721939308555, 0.001606322582908963157, 0.002141763443878617543, 0.002677204304848271928, 0.003212645165817926314, 0.003480365596302753724, 0.003748086026787580700, 0.004283526887757235085 ),
 ( 0.000000000000000000, 1.000000000000000000 ),
 .UNSPECIFIED. ) 
 GEOMETRIC_REPRESENTATION_ITEM ( )  RATIONAL_B_SPLINE_SURFACE ( (
 ( 1.000000000000000000, 0.9392885745891677018, 1.000000000000000000),
 ( 1.000000000000000000, 0.9352834944312881094, 1.000000000000000000),
 ( 1.000000000000000000, 0.9239880674112814773, 1.000000000000000000),
 ( 1.000000000000000000, 0.8943821586453903905, 1.000000000000000000),
 ( 1.000000000000000000, 0.8757828698562644121, 1.000000000000000000),
 ( 1.000000000000000000, 0.8354323067388853552, 1.000000000000000000),
 ( 1.000000000000000000, 0.8132208677367472882, 1.000000000000000000),
 ( 1.000000000000000000, 0.7673516610596372578, 1.000000000000000000),
 ( 1.000000000000000000, 0.7439451683113175173, 1.000000000000000000),
 ( 1.000000000000000000, 0.6972473049157003055, 1.000000000000000000),
 ( 1.000000000000000000, 0.6749704328414214416, 1.000000000000000000),
 ( 1.000000000000000000, 0.6342647691116845010, 1.000000000000000000),
 ( 1.000000000000000000, 0.6167145515542974410, 1.000000000000000000),
 ( 1.000000000000000000, 0.5956443066628447358, 1.000000000000000000),
 ( 1.000000000000000000, 0.5894635559800142088, 1.000000000000000000),
 ( 1.000000000000000000, 0.5791954431098295109, 1.000000000000000000),
 ( 1.000000000000000000, 0.5750039836220293132, 1.000000000000000000),
 ( 1.000000000000000000, 0.5647526522814443339, 1.000000000000000000),
 ( 1.000000000000000000, 0.5612793390674818417, 1.000000000000000000),
 ( 1.000000000000000000, 0.5599713031190377555, 1.000000000000000000) ) ) 
 REPRESENTATION_ITEM ( '' )  SURFACE ( )  );
#827 = CARTESIAN_POINT ( 'NONE',  ( -3.247264515680123420, 3.476216827405445464, -1.026158259620096436 ) ) ;
#828 = CARTESIAN_POINT ( 'NONE',  ( -3.050222836422892936, 3.858615970383965532, -2.623868599935205825 ) ) ;
#829 =( GEOMETRIC_REPRESENTATION_CONTEXT ( 3 ) GLOBAL_UNCERTAINTY_ASSIGNED_CONTEXT ( ( #1172 ) ) GLOBAL_UNIT_ASSIGNED_CONTEXT ( ( #969, #942, #868 ) ) REPRESENTATION_CONTEXT ( 'NONE', 'WORKASPACE' ) );
#830 = EDGE_CURVE ( 'NONE', #146, #1040, #1152, .T. ) ;
#831 = ORIENTED_EDGE ( 'NONE', *, *, #32, .T. ) ;
#832 = CIRCLE ( 'NONE', #534, 0.4000000000000004108 ) ;
#833 = CARTESIAN_POINT ( 'NONE',  ( 3.716405387158834728, 5.274336902388605530, 2.899819173400267847 ) ) ;
#834 = DIRECTION ( 'NONE',  ( 1.000000000000000000, -0.000000000000000000, 1.224646799147353207E-16 ) ) ;
#835 = CARTESIAN_POINT ( 'NONE',  ( 7.048691602742868843E-15, 9.250000000000001776, -1.750000000000000666 ) ) ;
#836 = CARTESIAN_POINT ( 'NONE',  ( 3.050222836422893380, 3.858615970383957094, 2.623868599935203605 ) ) ;
#837 = DIRECTION ( 'NONE',  ( 0.000000000000000000, -1.000000000000000000, 0.000000000000000000 ) ) ;
#838 = ORIENTED_EDGE ( 'NONE', *, *, #263, .F. ) ;
#839 = CARTESIAN_POINT ( 'NONE',  ( 5.050000000000007816, 9.250000000000001776, 2.950000000000000178 ) ) ;
#840 = CARTESIAN_POINT ( 'NONE',  ( 4.783251479274794882, 5.227017359455270018, 1.580578333494541132 ) ) ;
#841 = CARTESIAN_POINT ( 'NONE',  ( 6.250000000000007105, 9.250000000000001776, 2.950000000000000178 ) ) ;
#842 = FACE_OUTER_BOUND ( 'NONE', #817, .T. ) ;
#843 = CARTESIAN_POINT ( 'NONE',  ( -4.743320890011152535, 5.068179664022952835, -1.784615384615385381 ) ) ;
#844 = ORIENTED_EDGE ( 'NONE', *, *, #527, .F. ) ;
#845 = CARTESIAN_POINT ( 'NONE',  ( 3.934635092793486333, 4.391156193158192167, 0.6466655999185491055 ) ) ;
#846 = DIRECTION ( 'NONE',  ( 0.000000000000000000, 0.000000000000000000, -1.000000000000000000 ) ) ;
#847 = CARTESIAN_POINT ( 'NONE',  ( 5.050000000000007816, 9.250000000000001776, 1.750000000000000444 ) ) ;
#848 = CARTESIAN_POINT ( 'NONE',  ( -2.754288455902960564, 3.622356824170756884, -1.805196002199347394 ) ) ;
#849 = ORIENTED_EDGE ( 'NONE', *, *, #57, .T. ) ;
#850 = CARTESIAN_POINT ( 'NONE',  ( 3.684593611700689664, 5.302971293035850131, 2.898869420111030770 ) ) ;
#851 = EDGE_CURVE ( 'NONE', #279, #1138, #1112, .T. ) ;
#852 = FACE_OUTER_BOUND ( 'NONE', #866, .T. ) ;
#853 = AXIS2_PLACEMENT_3D ( 'NONE', #287, #189, #1300 ) ;
#854 = DIRECTION ( 'NONE',  ( -0.000000000000000000, -0.000000000000000000, -1.000000000000000000 ) ) ;
#855 = CARTESIAN_POINT ( 'NONE',  ( -3.470595181565867104, 4.799569677056019223, -2.861481321008700895 ) ) ;
#856 = AXIS2_PLACEMENT_3D ( 'NONE', #414, #228, #561 ) ;
#857 = CARTESIAN_POINT ( 'NONE',  ( -3.449658029019270877, 4.758584482349618838, -2.858350202087611702 ) ) ;
#858 = VERTEX_POINT ( 'NONE', #839 ) ;
#859 = CARTESIAN_POINT ( 'NONE',  ( 2.346071415062505494, 3.457034531828569346, 1.750000000000000444 ) ) ;
#860 = SURFACE_SIDE_STYLE ('',( #442 ) ) ;
#861 = CARTESIAN_POINT ( 'NONE',  ( 4.073858166994673624, 5.460148018404654913, 2.848941854208167701 ) ) ;
#862 = EDGE_CURVE ( 'NONE', #1076, #690, #900, .T. ) ;
#863 = DIRECTION ( 'NONE',  ( 1.000000000000000000, 0.000000000000000000, -0.000000000000000000 ) ) ;
#864 = CARTESIAN_POINT ( 'NONE',  ( 6.250000000000007105, 9.250000000000001776, 1.750000000000000444 ) ) ;
#865 = CARTESIAN_POINT ( 'NONE',  ( -3.873991259843811541, 5.497880436530007131, -2.900212144814806159 ) ) ;
#866 = EDGE_LOOP ( 'NONE', ( #750, #722, #326, #458 ) ) ;
#867 = CARTESIAN_POINT ( 'NONE',  ( 4.519563928449637835, 4.930413202684357898, 1.241644301710195020 ) ) ;
#868 =( NAMED_UNIT ( * ) SI_UNIT ( $, .STERADIAN. ) SOLID_ANGLE_UNIT ( ) );
#869 = CARTESIAN_POINT ( 'NONE',  ( -3.750000000000000444, 0.000000000000000000, -1.899999999999999911 ) ) ;
#870 = CARTESIAN_POINT ( 'NONE',  ( -2.746498957572268029, 3.173612538902259583, -1.872254087792413646 ) ) ;
#871 = ADVANCED_FACE ( 'NONE', ( #1259 ), #1233, .T. ) ;
#872 = CARTESIAN_POINT ( 'NONE',  ( -2.332146575243735143, 3.451395163039371994, -1.850503952137892094 ) ) ;
#873 = ORIENTED_EDGE ( 'NONE', *, *, #936, .F. ) ;
#874 = CARTESIAN_POINT ( 'NONE',  ( 4.225524132752626727, 4.641753958881919218, 1.003023458491485664 ) ) ;
#875 = CARTESIAN_POINT ( 'NONE',  ( -2.756679109988849241, 3.178972189356347844, -1.784615384615385159 ) ) ;
#876 = CARTESIAN_POINT ( 'NONE',  ( 3.975314970335466214, 5.538132213233424750, 2.886403481502895385 ) ) ;
#877 = AXIS2_PLACEMENT_3D ( 'NONE', #285, #887, #188 ) ;
#878 = CARTESIAN_POINT ( 'NONE',  ( -3.513159762120658502, 5.161213070676667236, -2.900981934650020744 ) ) ;
#879 = CIRCLE ( 'NONE', #492, 0.3999999999999986899 ) ;
#880 = ORIENTED_EDGE ( 'NONE', *, *, #1239, .T. ) ;
#881 = EDGE_CURVE ( 'NONE', #380, #1156, #1256, .T. ) ;
#882 = CARTESIAN_POINT ( 'NONE',  ( 3.373372466464382935, 3.985826070883610406, 0.6081089650122641910 ) ) ;
#883 = CARTESIAN_POINT ( 'NONE',  ( 4.743320890011149871, 5.068179664022933295, 1.784615384615385381 ) ) ;
#884 = CARTESIAN_POINT ( 'NONE',  ( -4.492524556570076655, 4.701206046450850273, -1.221189577265930470 ) ) ;
#885 = CARTESIAN_POINT ( 'NONE',  ( 4.741578715266649091, 5.176726520303341239, 1.769617383694772172 ) ) ;
#886 = DIRECTION ( 'NONE',  ( 0.000000000000000000, 0.000000000000000000, 1.000000000000000000 ) ) ;
#887 = DIRECTION ( 'NONE',  ( 0.000000000000000000, 1.000000000000000000, 0.000000000000000000 ) ) ;
#888 = CARTESIAN_POINT ( 'NONE',  ( 2.943232839652343724, 3.734557345150638863, 0.7705956375459890317 ) ) ;
#889 = CARTESIAN_POINT ( 'NONE',  ( -3.378538308923909828, 3.989216688023943469, -0.6075431419556932555 ) ) ;
#890 = CARTESIAN_POINT ( 'NONE',  ( -4.810417134555817320, 5.259713419869227913, -1.750000000000000666 ) ) ;
#891 = CARTESIAN_POINT ( 'NONE',  ( 4.187985496348069603, 4.322881850674320958, 0.9942367667592044711 ) ) ;
#892 = EDGE_LOOP ( 'NONE', ( #967, #524, #477, #1024 ) ) ;
#893 = CARTESIAN_POINT ( 'NONE',  ( 3.882079196457167924, 4.349077187848450876, 0.8892806884751763841 ) ) ;
#894 = CIRCLE ( 'NONE', #74, 5.050000000000000711 ) ;
#895 = ADVANCED_FACE ( 'NONE', ( #665 ), #122, .T. ) ;
#896 = DIRECTION ( 'NONE',  ( 1.000000000000000000, 0.000000000000000000, 0.000000000000000000 ) ) ;
#897 = DIRECTION ( 'NONE',  ( -0.000000000000000000, -0.000000000000000000, -1.000000000000000000 ) ) ;
#898 = ORIENTED_EDGE ( 'NONE', *, *, #535, .F. ) ;
#899 = EDGE_LOOP ( 'NONE', ( #1054, #980 ) ) ;
#900 = CIRCLE ( 'NONE', #856, 0.4000000000000004108 ) ;
#901 = CARTESIAN_POINT ( 'NONE',  ( 3.247264515680170938, 3.476216827405399279, 1.026158259620060909 ) ) ;
#902 = FILL_AREA_STYLE ('',( #1090 ) ) ;
#903 = DIRECTION ( 'NONE',  ( 0.000000000000000000, -1.000000000000000000, 0.000000000000000000 ) ) ;
#904 = FACE_OUTER_BOUND ( 'NONE', #135, .T. ) ;
#905 = PRODUCT ( 'MOV-10D561K', 'MOV-10D561K', '', ( #1049 ) ) ;
#906 = ORIENTED_EDGE ( 'NONE', *, *, #1084, .T. ) ;
#907 = FACE_OUTER_BOUND ( 'NONE', #625, .T. ) ;
#908 = CARTESIAN_POINT ( 'NONE',  ( 4.432307431037641798, 5.335426498708175203, 2.635998050560284245 ) ) ;
#909 = FACE_OUTER_BOUND ( 'NONE', #291, .T. ) ;
#910 = CARTESIAN_POINT ( 'NONE',  ( 5.050000000000007816, 9.250000000000001776, -1.750000000000000666 ) ) ;
#911 = CARTESIAN_POINT ( 'NONE',  ( -4.743320890011151647, 5.068179664022951059, -1.784615384615385825 ) ) ;
#912 = ADVANCED_FACE ( 'NONE', ( #455 ), #953, .T. ) ;
#913 = VERTEX_POINT ( 'NONE', #977 ) ;
#914 = CARTESIAN_POINT ( 'NONE',  ( 3.589006269606384691, 3.736699089723663825, 0.9058024253079042243 ) ) ;
#915 = CARTESIAN_POINT ( 'NONE',  ( 4.763787208294377074, 5.207022503931703739, 1.938201310830565127 ) ) ;
#916 = CIRCLE ( 'NONE', #1208, 0.4000000000000004108 ) ;
#917 = CARTESIAN_POINT ( 'NONE',  ( -2.986862877920729353, 3.754163250409875641, -1.235882755429958735 ) ) ;
#918 = CARTESIAN_POINT ( 'NONE',  ( 3.828682692191951897, 5.475245916822767178, 2.904808068505681629 ) ) ;
#919 = CARTESIAN_POINT ( 'NONE',  ( -4.637888989140214413, 5.217526008312012742, -2.367815935556509821 ) ) ;
#920 = AXIS2_PLACEMENT_3D ( 'NONE', #219, #837, #41 ) ;
#921 = ORIENTED_EDGE ( 'NONE', *, *, #958, .T. ) ;
#922 = TOROIDAL_SURFACE ( 'NONE', #812, 5.050000000000000711, 1.199999999999999956 ) ;
#923 = CARTESIAN_POINT ( 'NONE',  ( 4.236621988002570838, 5.475432539368366491, 2.778443569528911805 ) ) ;
#924 = CARTESIAN_POINT ( 'NONE',  ( 3.750000000000000000, 0.000000000000000000, 1.899999999999999911 ) ) ;
#925 = CARTESIAN_POINT ( 'NONE',  ( 2.378524438524506568, 3.535180958749340796, 2.136688565564886400 ) ) ;
#926 = CARTESIAN_POINT ( 'NONE',  ( -3.826691168773556750, 5.475017689710466762, -2.905333246070478381 ) ) ;
#927 = ORIENTED_EDGE ( 'NONE', *, *, #1280, .T. ) ;
#928 = DIRECTION ( 'NONE',  ( 0.000000000000000000, 0.000000000000000000, 1.000000000000000000 ) ) ;
#929 = CARTESIAN_POINT ( 'NONE',  ( 2.781683428502446098, 3.737134813507118292, 2.228403709832409874 ) ) ;
#930 = EDGE_CURVE ( 'NONE', #858, #193, #451, .T. ) ;
#931 = DIRECTION ( 'NONE',  ( 0.000000000000000000, 0.000000000000000000, 1.000000000000000000 ) ) ;
#932 = CARTESIAN_POINT ( 'NONE',  ( -3.839590257080010005, 5.446784437922096878, -2.897121440306788198 ) ) ;
#933 = ORIENTED_EDGE ( 'NONE', *, *, #830, .F. ) ;
#934 = CARTESIAN_POINT ( 'NONE',  ( 2.873034896145637784, 3.905485678453773701, 2.418926737510405545 ) ) ;
#935 = CARTESIAN_POINT ( 'NONE',  ( -2.421570768845166199, 3.487448454580760693, -1.398418134372027888 ) ) ;
#936 = EDGE_CURVE ( 'NONE', #279, #1299, #244, .T. ) ;
#937 = FILL_AREA_STYLE ('',( #1130 ) ) ;
#938 = MECHANICAL_DESIGN_GEOMETRIC_PRESENTATION_REPRESENTATION (  '', ( #720 ), #360 ) ;
#939 = CARTESIAN_POINT ( 'NONE',  ( -4.594361476983469750, 5.245915088267770088, -2.442370316770877903 ) ) ;
#940 = ORIENTED_EDGE ( 'NONE', *, *, #476, .F. ) ;
#941 = CARTESIAN_POINT ( 'NONE',  ( 4.506263751158617659, 4.916764421562732856, 1.025465248563526943 ) ) ;
#942 =( NAMED_UNIT ( * ) PLANE_ANGLE_UNIT ( ) SI_UNIT ( $, .RADIAN. ) );
#943 = AXIS2_PLACEMENT_3D ( 'NONE', #149, #322, #931 ) ;
#944 = CARTESIAN_POINT ( 'NONE',  ( 2.799570618842229131, 3.319046600660008561, 2.227882628322540803 ) ) ;
#945 = DIRECTION ( 'NONE',  ( -0.000000000000000000, -1.000000000000000000, -0.000000000000000000 ) ) ;
#946 = ORIENTED_EDGE ( 'NONE', *, *, #881, .F. ) ;
#947 = CARTESIAN_POINT ( 'NONE',  ( 3.801582036565019251, 4.286015021612915810, 0.6125798943481083336 ) ) ;
#948 = LINE ( 'NONE', #646, #194 ) ;
#949 = CARTESIAN_POINT ( 'NONE',  ( -2.835770387767822864, 3.397836542403620985, -2.313389200149860603 ) ) ;
#950 = CARTESIAN_POINT ( 'NONE',  ( -2.746271876320917293, 3.623716522277825369, -1.873049142231014930 ) ) ;
#951 = ORIENTED_EDGE ( 'NONE', *, *, #1015, .T. ) ;
#952 = CARTESIAN_POINT ( 'NONE',  ( 2.739319376026536190, 3.642622973503008676, 2.028613639818012349 ) ) ;
#953 = PLANE ( 'NONE',  #325 ) ;
#954 = CARTESIAN_POINT ( 'NONE',  ( 2.954925568449953577, 3.654876099383540744, 2.528237460699636507 ) ) ;
#955 = CARTESIAN_POINT ( 'NONE',  ( -2.873034896145663541, 3.905485678453832765, -2.418926737510432634 ) ) ;
#956 = CIRCLE ( 'NONE', #615, 1.199999999999999734 ) ;
#957 = ORIENTED_EDGE ( 'NONE', *, *, #881, .T. ) ;
#958 = EDGE_CURVE ( 'NONE', #1279, #1040, #621, .T. ) ;
#959 = SHAPE_DEFINITION_REPRESENTATION ( #606, #479 ) ;
#960 = CARTESIAN_POINT ( 'NONE',  ( 4.385470107922118110, 5.357333244463828414, 2.675341811293258321 ) ) ;
#961 = AXIS2_PLACEMENT_3D ( 'NONE', #783, #7, #992 ) ;
#962 = AXIS2_PLACEMENT_3D ( 'NONE', #910, #903, #800 ) ;
#963 = DIRECTION ( 'NONE',  ( 1.000000000000000000, 0.000000000000000000, 0.000000000000000000 ) ) ;
#964 = AXIS2_PLACEMENT_3D ( 'NONE', #657, #1065, #437 ) ;
#965 = CARTESIAN_POINT ( 'NONE',  ( 3.750000000000000000, -20.00000000000000000, 1.499999999999999556 ) ) ;
#966 = CYLINDRICAL_SURFACE ( 'NONE', #1023, 6.250000000000000000 ) ;
#967 = ORIENTED_EDGE ( 'NONE', *, *, #263, .T. ) ;
#968 = PRESENTATION_STYLE_ASSIGNMENT (( #663 ) ) ;
#969 =( LENGTH_UNIT ( ) NAMED_UNIT ( * ) SI_UNIT ( .MILLI., .METRE. ) );
#970 = EDGE_CURVE ( 'NONE', #913, #351, #1044, .T. ) ;
#971 = CARTESIAN_POINT ( 'NONE',  ( -3.750000000000001332, 5.317255588946365741, -2.900000000000000355 ) ) ;
#972 = CARTESIAN_POINT ( 'NONE',  ( -2.739319376026560615, 3.642622973502989137, -2.028613639818040770 ) ) ;
#973 = DIRECTION ( 'NONE',  ( -0.000000000000000000, -0.000000000000000000, -1.000000000000000000 ) ) ;
#974 = ORIENTED_EDGE ( 'NONE', *, *, #712, .T. ) ;
#975 = FILL_AREA_STYLE ('',( #684 ) ) ;
#976 = B_SPLINE_CURVE_WITH_KNOTS ( 'NONE', 3,
 ( #418, #245, #728, #628, #855, #1033, #144, #828, #522, #949, #342, #1260, #541, #1243 ),
 .UNSPECIFIED., .F., .F.,
 ( 4, 2, 2, 2, 2, 2, 4 ),
 ( 0.001777454565347116487, 0.002130232533253145332, 0.002483010501159173961, 0.003188566436971230784, 0.003894122372783287607, 0.004246900340689315802, 0.004599678308595343997 ),
 .UNSPECIFIED. ) ;
#977 = CARTESIAN_POINT ( 'NONE',  ( -3.750000000000000444, -20.00000000000000000, -2.300000000000000266 ) ) ;
#978 = CARTESIAN_POINT ( 'NONE',  ( -2.850778403359186530, 3.430585958992100171, -2.343740924069609211 ) ) ;
#979 = DIRECTION ( 'NONE',  ( 0.000000000000000000, 0.000000000000000000, -1.000000000000000000 ) ) ;
#980 = ORIENTED_EDGE ( 'NONE', *, *, #1045, .T. ) ;
#981 = AXIS2_PLACEMENT_3D ( 'NONE', #1235, #112, #814 ) ;
#982 = DIRECTION ( 'NONE',  ( -0.000000000000000000, -1.000000000000000000, -0.000000000000000000 ) ) ;
#983 = DIRECTION ( 'NONE',  ( 0.000000000000000000, 0.9903369695214679913, -0.1386819627746706807 ) ) ;
#984 = CARTESIAN_POINT ( 'NONE',  ( 7.048691602742868843E-15, 9.250000000000001776, -1.750000000000000666 ) ) ;
#985 = CARTESIAN_POINT ( 'NONE',  ( -3.373372466464384711, 3.985826070883617955, -0.6081089650122626367 ) ) ;
#986 = CARTESIAN_POINT ( 'NONE',  ( -3.750000000000000444, 0.000000000000000000, -1.899999999999999911 ) ) ;
#987 = AXIS2_PLACEMENT_3D ( 'NONE', #70, #1073, #983 ) ;
#988 = ORIENTED_EDGE ( 'NONE', *, *, #1221, .F. ) ;
#989 = DIRECTION ( 'NONE',  ( 0.000000000000000000, 1.000000000000000000, 0.000000000000000000 ) ) ;
#990 =( LENGTH_UNIT ( ) NAMED_UNIT ( * ) SI_UNIT ( .MILLI., .METRE. ) );
#991 = CARTESIAN_POINT ( 'NONE',  ( -3.286370951950679853, 4.836869817886134015, -2.864382568711260291 ) ) ;
#992 = DIRECTION ( 'NONE',  ( 0.000000000000000000, 0.000000000000000000, -1.000000000000000000 ) ) ;
#993 = EDGE_CURVE ( 'NONE', #63, #195, #560, .T. ) ;
#994 = CARTESIAN_POINT ( 'NONE',  ( 3.523930756323716551, 4.085995860047828110, 0.9026237996488332138 ) ) ;
#995 = CARTESIAN_POINT ( 'NONE',  ( 3.998997467030945163, 5.468530985969016989, 2.871172406100521712 ) ) ;
#996 = CARTESIAN_POINT ( 'NONE',  ( -3.799296928332076106, 4.284374138679130084, -0.6124498545810429517 ) ) ;
#997 = DIRECTION ( 'NONE',  ( 0.000000000000000000, 0.000000000000000000, 1.000000000000000000 ) ) ;
#998 = CARTESIAN_POINT ( 'NONE',  ( -4.580430015532513721, 5.256813037789783039, -2.474356513506896338 ) ) ;
#999 = CARTESIAN_POINT ( 'NONE',  ( 3.378538308923919153, 3.989216688023941249, 0.6075431419556958090 ) ) ;
#1000 = CARTESIAN_POINT ( 'NONE',  ( 3.858675025862969843, 5.419410466808428417, 2.894517379704613980 ) ) ;
#1001 = CARTESIAN_POINT ( 'NONE',  ( -3.092921453438387314, 3.816382508559074793, -0.6935360931572764898 ) ) ;
#1002 = FACE_OUTER_BOUND ( 'NONE', #708, .T. ) ;
#1003 = CIRCLE ( 'NONE', #78, 0.4000000000000004108 ) ;
#1004 = ORIENTED_EDGE ( 'NONE', *, *, #495, .T. ) ;
#1005 = CIRCLE ( 'NONE', #469, 0.3000000000000000999 ) ;
#1006 = CARTESIAN_POINT ( 'NONE',  ( 2.346071415062505494, 3.457034531828569790, 1.750000000000000444 ) ) ;
#1007 = CARTESIAN_POINT ( 'NONE',  ( 3.826691168773568741, 5.475017689710398372, 2.905333246070464170 ) ) ;
#1008 = CARTESIAN_POINT ( 'NONE',  ( -2.919706049323651520, 3.268977046034519773, -1.338575471567920783 ) ) ;
#1009 = EDGE_CURVE ( 'NONE', #221, #273, #746, .T. ) ;
#1010 = PLANE ( 'NONE',  #100 ) ;
#1011 = CARTESIAN_POINT ( 'NONE',  ( 3.750000000000000000, -20.00000000000000000, 2.300000000000000266 ) ) ;
#1012 = CARTESIAN_POINT ( 'NONE',  ( -3.750000000000000444, 0.5999999999999998668, -1.499999999999999556 ) ) ;
#1013 = CARTESIAN_POINT ( 'NONE',  ( 4.447003549666098010, 5.404759097034335547, 2.622669370347346263 ) ) ;
#1014 = CARTESIAN_POINT ( 'NONE',  ( 7.048691602742868843E-15, 9.250000000000001776, -1.750000000000000666 ) ) ;
#1015 = EDGE_CURVE ( 'NONE', #618, #1199, #566, .T. ) ;
#1016 = CARTESIAN_POINT ( 'NONE',  ( 4.160151781050775988, 5.538461761854376775, 2.831709265708690637 ) ) ;
#1017 = CARTESIAN_POINT ( 'NONE',  ( -3.853477073165271882, 5.417906575592467355, -2.895512741440457116 ) ) ;
#1018 = CARTESIAN_POINT ( 'NONE',  ( -3.801582036565019695, 4.286015021612928244, -0.6125798943481065573 ) ) ;
#1019 = STYLED_ITEM ( 'NONE', ( #760 ), #479 ) ;
#1020 = DIRECTION ( 'NONE',  ( 1.000000000000000000, 0.000000000000000000, 0.000000000000000000 ) ) ;
#1021 = CYLINDRICAL_SURFACE ( 'NONE', #771, 1.000000000000000222 ) ;
#1022 = CARTESIAN_POINT ( 'NONE',  ( -3.977762249592480703, 5.471802098913880030, -2.877311030238137501 ) ) ;
#1023 = AXIS2_PLACEMENT_3D ( 'NONE', #267, #467, #363 ) ;
#1024 = ORIENTED_EDGE ( 'NONE', *, *, #1015, .F. ) ;
#1025 = AXIS2_PLACEMENT_3D ( 'NONE', #768, #1269, #237 ) ;
#1026 = CARTESIAN_POINT ( 'NONE',  ( 4.742298234708991700, 5.243009558809930581, 2.111447557351663118 ) ) ;
#1027 = CARTESIAN_POINT ( 'NONE',  ( -5.049999999999993605, 9.250000000000001776, -2.950000000000000178 ) ) ;
#1028 = CARTESIAN_POINT ( 'NONE',  ( 3.750000000000000000, 0.000000000000000000, 1.899999999999999911 ) ) ;
#1029 = LINE ( 'NONE', #1218, #639 ) ;
#1030 = VERTEX_POINT ( 'NONE', #971 ) ;
#1031 = CARTESIAN_POINT ( 'NONE',  ( 3.176764331484244419, 4.671104324490761073, 2.835477548781239143 ) ) ;
#1032 = DIRECTION ( 'NONE',  ( 0.000000000000000000, -0.000000000000000000, 1.000000000000000000 ) ) ;
#1033 = CARTESIAN_POINT ( 'NONE',  ( -3.328451483121392052, 4.480249885783697650, -2.812332385026877990 ) ) ;
#1034 = CARTESIAN_POINT ( 'NONE',  ( -4.075968305414360060, 5.540158154333115093, -2.860737769274261044 ) ) ;
#1035 = ORIENTED_EDGE ( 'NONE', *, *, #830, .T. ) ;
#1036 = CARTESIAN_POINT ( 'NONE',  ( 4.703926209874603970, 5.134367339659013929, 1.348311283204657540 ) ) ;
#1037 = FACE_OUTER_BOUND ( 'NONE', #509, .T. ) ;
#1038 = AXIS2_PLACEMENT_3D ( 'NONE', #620, #131, #725 ) ;
#1039 = CARTESIAN_POINT ( 'NONE',  ( -4.066262119948624409, 5.462422937620193153, -2.852632482918560086 ) ) ;
#1040 = VERTEX_POINT ( 'NONE', #1153 ) ;
#1041 = CIRCLE ( 'NONE', #34, 6.250000000000000000 ) ;
#1042 = CARTESIAN_POINT ( 'NONE',  ( 2.739013626811250379, 3.631657669901587671, 1.968514459358537749 ) ) ;
#1043 = CIRCLE ( 'NONE', #641, 6.250000000000000000 ) ;
#1044 = LINE ( 'NONE', #354, #58 ) ;
#1045 = EDGE_CURVE ( 'NONE', #913, #808, #161, .T. ) ;
#1046 = CARTESIAN_POINT ( 'NONE',  ( -2.781683428502393252, 3.737134813507102304, -2.228403709832359691 ) ) ;
#1047 = ORIENTED_EDGE ( 'NONE', *, *, #168, .T. ) ;
#1048 = CARTESIAN_POINT ( 'NONE',  ( 3.544506887704628184, 5.204470742765015423, 2.904520688817049390 ) ) ;
#1049 = PRODUCT_CONTEXT ( 'NONE', #410, 'mechanical' ) ;
#1050 = DIRECTION ( 'NONE',  ( 1.000000000000000000, 0.000000000000000000, 0.000000000000000000 ) ) ;
#1051 = LINE ( 'NONE', #1230, #382 ) ;
#1052 = CARTESIAN_POINT ( 'NONE',  ( -3.370230809681427964, 4.803961892462996097, -2.835262622074244732 ) ) ;
#1053 = EDGE_CURVE ( 'NONE', #618, #193, #956, .T. ) ;
#1054 = ORIENTED_EDGE ( 'NONE', *, *, #115, .T. ) ;
#1055 = CARTESIAN_POINT ( 'NONE',  ( 2.995243172146692334, 3.740922940974666044, 2.558511117628380571 ) ) ;
#1056 = APPLICATION_PROTOCOL_DEFINITION ( 'draft international standard', 'automotive_design', 1998, #595 ) ;
#1057 = DIRECTION ( 'NONE',  ( -1.000000000000000000, 0.000000000000000000, 0.000000000000000000 ) ) ;
#1058 = CARTESIAN_POINT ( 'NONE',  ( 3.036272006247441979, 3.337504002906235279, 1.188954969090840752 ) ) ;
#1059 = AXIS2_PLACEMENT_3D ( 'NONE', #984, #792, #896 ) ;
#1060 = ORIENTED_EDGE ( 'NONE', *, *, #1280, .F. ) ;
#1061 = CYLINDRICAL_SURFACE ( 'NONE', #1103, 6.250000000000000000 ) ;
#1062 = CARTESIAN_POINT ( 'NONE',  ( 4.580430015532512833, 5.256813037789765275, 2.474356513506897226 ) ) ;
#1063 = MECHANICAL_DESIGN_GEOMETRIC_PRESENTATION_REPRESENTATION (  '', ( #723 ), #1253 ) ;
#1064 = AXIS2_PLACEMENT_3D ( 'NONE', #353, #664, #1165 ) ;
#1065 = DIRECTION ( 'NONE',  ( 0.000000000000000000, -1.000000000000000000, 0.000000000000000000 ) ) ;
#1066 = VECTOR ( 'NONE', #1174, 1000.000000000000000 ) ;
#1067 = CARTESIAN_POINT ( 'NONE',  ( -2.946328163217428298, 4.333033077891580653, -2.743655704978702481 ) ) ;
#1068 = DIRECTION ( 'NONE',  ( -0.000000000000000000, -1.000000000000000000, -0.000000000000000000 ) ) ;
#1069 = ORIENTED_EDGE ( 'NONE', *, *, #670, .F. ) ;
#1070 = B_SPLINE_CURVE_WITH_KNOTS ( 'NONE', 3,
 ( #883, #781, #154, #677, #1062, #179, #960, #59, #453, #861, #995, #1291, #1000, #519, #510, #233 ),
 .UNSPECIFIED., .F., .F.,
 ( 4, 2, 2, 2, 2, 2, 2, 4 ),
 ( 0.000000000000000000, 0.0004443636413367792843, 0.0008887272826735585687, 0.001110909103341947615, 0.001333090924010337094, 0.001555272744678726140, 0.001666363655012920554, 0.001777454565347114752 ),
 .UNSPECIFIED. ) ;
#1071 = FACE_OUTER_BOUND ( 'NONE', #892, .T. ) ;
#1072 = EDGE_CURVE ( 'NONE', #695, #351, #916, .T. ) ;
#1073 = DIRECTION ( 'NONE',  ( -0.1142842828818072393, -0.1377733306982320272, -0.9838483684158381148 ) ) ;
#1074 = CARTESIAN_POINT ( 'NONE',  ( -3.331578674552604369, 3.536029631355080749, -0.9849064065780268606 ) ) ;
#1075 = DIRECTION ( 'NONE',  ( 0.000000000000000000, 0.000000000000000000, 1.000000000000000000 ) ) ;
#1076 = VERTEX_POINT ( 'NONE', #540 ) ;
#1077 = CARTESIAN_POINT ( 'NONE',  ( 4.810417134555815544, 5.259713419869210149, 1.750000000000000444 ) ) ;
#1078 = CYLINDRICAL_SURFACE ( 'NONE', #1297, 0.4000000000000004108 ) ;
#1079 = CARTESIAN_POINT ( 'NONE',  ( -2.418147316460266261, 3.486058087481687107, -1.408125179641889213 ) ) ;
#1080 = CARTESIAN_POINT ( 'NONE',  ( 3.750000000000000000, -20.00000000000000000, 1.899999999999999911 ) ) ;
#1081 = ORIENTED_EDGE ( 'NONE', *, *, #936, .T. ) ;
#1082 = COLOUR_RGB ( '',0.7921568627450980005, 0.8196078431372548767, 0.9333333333333333481 ) ;
#1083 = CIRCLE ( 'NONE', #491, 0.5999999999999999778 ) ;
#1084 = EDGE_CURVE ( 'NONE', #195, #690, #948, .T. ) ;
#1085 = CARTESIAN_POINT ( 'NONE',  ( -3.455417384789311708, 5.080038767812935951, -2.893609201086073668 ) ) ;
#1086 = CIRCLE ( 'NONE', #264, 0.5999999999999998668 ) ;
#1087 = ORIENTED_EDGE ( 'NONE', *, *, #476, .T. ) ;
#1088 = VERTEX_POINT ( 'NONE', #547 ) ;
#1089 = CARTESIAN_POINT ( 'NONE',  ( 2.704727730785019713, 3.615241632472124600, 0.9730587930460780077 ) ) ;
#1090 = FILL_AREA_STYLE_COLOUR ( '', #49 ) ;
#1091 = FACE_OUTER_BOUND ( 'NONE', #232, .T. ) ;
#1092 = CARTESIAN_POINT ( 'NONE',  ( -4.744279792665329509, 5.127974918942698856, -2.078462916949954220 ) ) ;
#1093 = EDGE_LOOP ( 'NONE', ( #227, #1194, #957, #1069, #399 ) ) ;
#1094 = CARTESIAN_POINT ( 'NONE',  ( 3.928202447113928741, 4.046024096090523159, 0.9095768175566635305 ) ) ;
#1095 = DIRECTION ( 'NONE',  ( 0.000000000000000000, -0.000000000000000000, -1.000000000000000000 ) ) ;
#1096 = CARTESIAN_POINT ( 'NONE',  ( -4.438601263924585538, 5.331594045699531215, -2.628493756423311289 ) ) ;
#1097 = ORIENTED_EDGE ( 'NONE', *, *, #564, .T. ) ;
#1098 = CARTESIAN_POINT ( 'NONE',  ( 2.919706049323630648, 3.268977046034591716, 1.338575471567959863 ) ) ;
#1099 = EDGE_CURVE ( 'NONE', #1289, #1262, #894, .T. ) ;
#1100 = PRODUCT_DEFINITION_FORMATION_WITH_SPECIFIED_SOURCE ( 'ANY', '', #905, .NOT_KNOWN. ) ;
#1101 = PRESENTATION_STYLE_ASSIGNMENT (( #288 ) ) ;
#1102 = CARTESIAN_POINT ( 'NONE',  ( 3.455417384789312596, 5.080038767812919964, 2.893609201086073668 ) ) ;
#1103 = AXIS2_PLACEMENT_3D ( 'NONE', #274, #374, #153 ) ;
#1104 = CARTESIAN_POINT ( 'NONE',  ( -3.750000000000001332, 5.317255588946365741, -2.900000000000000355 ) ) ;
#1105 = ORIENTED_EDGE ( 'NONE', *, *, #91, .T. ) ;
#1106 = CARTESIAN_POINT ( 'NONE',  ( 3.703353448644450818, 3.834869949030606850, 0.8947546111892817899 ) ) ;
#1107 = CARTESIAN_POINT ( 'NONE',  ( 4.311135032701051806, 5.452594688976447834, 2.732408223852078599 ) ) ;
#1108 = CARTESIAN_POINT ( 'NONE',  ( 5.050000000000007816, 9.250000000000001776, -2.950000000000000178 ) ) ;
#1109 = CARTESIAN_POINT ( 'NONE',  ( 2.639113729568830724, 3.898532607878230749, 2.535367016696916664 ) ) ;
#1110 = CARTESIAN_POINT ( 'NONE',  ( -4.481425900438030574, 5.466868196003371594, -2.635437975032390412 ) ) ;
#1111 = CARTESIAN_POINT ( 'NONE',  ( 3.196429637300819859, 3.876353855625383371, 1.040988620705961099 ) ) ;
#1112 = B_SPLINE_CURVE_WITH_KNOTS ( 'NONE', 3,
 ( #407, #525, #1149, #421, #818, #1118, #732, #1133, #22, #37 ),
 .UNSPECIFIED., .F., .F.,
 ( 4, 2, 2, 2, 4 ),
 ( 0.001672313596355778052, 0.002153984313336403111, 0.002635655030317028170, 0.003117325747297652796, 0.003598996464278277855 ),
 .UNSPECIFIED. ) ;
#1113 = CARTESIAN_POINT ( 'NONE',  ( 4.298183178911439306, 5.395208766870779549, 2.740673398672917926 ) ) ;
#1114 = CARTESIAN_POINT ( 'NONE',  ( -2.958766298008848494, 3.291778273111222397, -1.284983589585976693 ) ) ;
#1115 = DIRECTION ( 'NONE',  ( 1.000000000000000000, 0.000000000000000000, 0.000000000000000000 ) ) ;
#1116 = CARTESIAN_POINT ( 'NONE',  ( 4.725057509275888634, 5.039557453257500264, 1.627389938691725213 ) ) ;
#1117 = EDGE_LOOP ( 'NONE', ( #1177, #489, #662, #1182, #1004, #1060 ) ) ;
#1118 = CARTESIAN_POINT ( 'NONE',  ( -4.461251965581120693, 4.659182662551942578, -1.188162396105574059 ) ) ;
#1119 = CARTESIAN_POINT ( 'NONE',  ( -2.581717891839136581, 3.557443848151610410, -1.106666091337348057 ) ) ;
#1120 = CIRCLE ( 'NONE', #1038, 1.000000000000000222 ) ;
#1121 = CARTESIAN_POINT ( 'NONE',  ( -2.346071415062503718, 3.457034531828574675, -1.750000000000000666 ) ) ;
#1122 = DIRECTION ( 'NONE',  ( 0.000000000000000000, -0.000000000000000000, -1.000000000000000000 ) ) ;
#1123 = CARTESIAN_POINT ( 'NONE',  ( -4.763276537969665547, 5.099453968523033787, -1.956409188536520238 ) ) ;
#1124 = EDGE_CURVE ( 'NONE', #1289, #1199, #766, .T. ) ;
#1125 = AXIS2_PLACEMENT_3D ( 'NONE', #201, #687, #482 ) ;
#1126 = ORIENTED_EDGE ( 'NONE', *, *, #593, .T. ) ;
#1127 = AXIS2_PLACEMENT_3D ( 'NONE', #1264, #361, #555 ) ;
#1128 = CARTESIAN_POINT ( 'NONE',  ( 2.616284726127545923, 3.867705907339654914, 2.506545911291442330 ) ) ;
#1129 = CARTESIAN_POINT ( 'NONE',  ( -2.817543197301064950, 3.210845976296798909, -1.514167790723325080 ) ) ;
#1130 = FILL_AREA_STYLE_COLOUR ( '', #426 ) ;
#1131 = CARTESIAN_POINT ( 'NONE',  ( -4.334509473433699078, 5.505995125228833942, -2.744300332170146017 ) ) ;
#1132 = ORIENTED_EDGE ( 'NONE', *, *, #518, .F. ) ;
#1133 = CARTESIAN_POINT ( 'NONE',  ( -4.671991953686461585, 4.956977352735998821, -1.492604034059692442 ) ) ;
#1134 = CARTESIAN_POINT ( 'NONE',  ( 3.270805147285540393, 4.619318217765281176, 2.790019551221220251 ) ) ;
#1135 = CARTESIAN_POINT ( 'NONE',  ( -2.765149220033591426, 3.644514661454330007, -0.9147132549643041122 ) ) ;
#1136 =( LENGTH_UNIT ( ) NAMED_UNIT ( * ) SI_UNIT ( .MILLI., .METRE. ) );
#1137 = CARTESIAN_POINT ( 'NONE',  ( -3.975314970335491527, 5.538132213233344814, -2.886403481502869628 ) ) ;
#1138 = VERTEX_POINT ( 'NONE', #698 ) ;
#1139 = CARTESIAN_POINT ( 'NONE',  ( 4.185484149706594437, 4.605493687669065750, 0.7574770681093909719 ) ) ;
#1140 = EDGE_CURVE ( 'NONE', #331, #1299, #319, .T. ) ;
#1141 = AXIS2_PLACEMENT_3D ( 'NONE', #1014, #613, #1020 ) ;
#1142 = DIRECTION ( 'NONE',  ( 0.000000000000000000, -1.000000000000000000, 0.000000000000000000 ) ) ;
#1143 = CARTESIAN_POINT ( 'NONE',  ( 7.048691602742868843E-15, 9.250000000000001776, -1.750000000000000666 ) ) ;
#1144 = MANIFOLD_SOLID_BREP ( 'Boss-Extrude3[1]', #680 ) ;
#1145 = MECHANICAL_DESIGN_GEOMETRIC_PRESENTATION_REPRESENTATION (  '', ( #1019 ), #578 ) ;
#1146 = B_SPLINE_CURVE_WITH_KNOTS ( 'NONE', 3,
 ( #343, #1244, #335, #446, #1058, #556, #1147, #61, #46, #456 ),
 .UNSPECIFIED., .F., .F.,
 ( 4, 2, 2, 2, 4 ),
 ( 0.000000000000000000, 0.0004180783990889432120, 0.0008361567981778864241, 0.001254235197266829419, 0.001672313596355772198 ),
 .UNSPECIFIED. ) ;
#1147 = CARTESIAN_POINT ( 'NONE',  ( 3.331578674552603481, 3.536029631355072311, 0.9849064065780286370 ) ) ;
#1148 = ORIENTED_EDGE ( 'NONE', *, *, #793, .F. ) ;
#1149 = CARTESIAN_POINT ( 'NONE',  ( -3.979413931775608315, 4.097785434443927066, -0.9204043805685213631 ) ) ;
#1150 = CIRCLE ( 'NONE', #344, 0.3000000000000000444 ) ;
#1151 = CARTESIAN_POINT ( 'NONE',  ( 2.399730928080342718, 3.565703349474841577, 2.188416448811238979 ) ) ;
#1152 = CIRCLE ( 'NONE', #281, 0.9999999999999988898 ) ;
#1153 = CARTESIAN_POINT ( 'NONE',  ( 3.750000000000000000, 0.5999999999999946487, 2.899999999999999023 ) ) ;
#1154 = CARTESIAN_POINT ( 'NONE',  ( 2.752432109245072755, 3.205127866424225758, 2.025225116723460950 ) ) ;
#1155 = CARTESIAN_POINT ( 'NONE',  ( -2.838251497131481393, 3.842811207830979292, -2.358238722799449683 ) ) ;
#1156 = VERTEX_POINT ( 'NONE', #875 ) ;
#1157 = CARTESIAN_POINT ( 'NONE',  ( 2.850778403359178537, 3.430585958992044215, 2.343740924069587006 ) ) ;
#1158 =( LENGTH_UNIT ( ) NAMED_UNIT ( * ) SI_UNIT ( .MILLI., .METRE. ) );
#1159 = DIRECTION ( 'NONE',  ( 1.000000000000000000, 0.000000000000000000, 0.000000000000000000 ) ) ;
#1160 = DIRECTION ( 'NONE',  ( 1.000000000000000000, 0.000000000000000000, 0.000000000000000000 ) ) ;
#1161 = CARTESIAN_POINT ( 'NONE',  ( -2.987329885970840593, 4.109850308846760392, -2.577513290658226541 ) ) ;
#1162 = EDGE_CURVE ( 'NONE', #380, #273, #532, .T. ) ;
#1163 = ORIENTED_EDGE ( 'NONE', *, *, #862, .F. ) ;
#1164 = CARTESIAN_POINT ( 'NONE',  ( 4.790769144550073300, 5.236027144238324382, 1.572736246960183992 ) ) ;
#1165 = DIRECTION ( 'NONE',  ( 0.000000000000000000, 0.000000000000000000, 1.000000000000000000 ) ) ;
#1166 = DIRECTION ( 'NONE',  ( -1.000000000000000000, 0.000000000000000000, 0.000000000000000000 ) ) ;
#1167 = CARTESIAN_POINT ( 'NONE',  ( -2.956516096284111939, 3.657721849336118325, -2.512063375365013673 ) ) ;
#1168 = AXIS2_PLACEMENT_3D ( 'NONE', #1285, #270, #98 ) ;
#1169 = CARTESIAN_POINT ( 'NONE',  ( -2.378524438524507012, 3.535180958749349678, -2.136688565564888176 ) ) ;
#1170 = ORIENTED_EDGE ( 'NONE', *, *, #552, .F. ) ;
#1171 = SURFACE_SIDE_STYLE ('',( #269 ) ) ;
#1172 = UNCERTAINTY_MEASURE_WITH_UNIT (LENGTH_MEASURE( 1.000000000000000082E-05 ), #969, 'distance_accuracy_value', 'NONE');
#1173 = AXIS2_PLACEMENT_3D ( 'NONE', #1217, #6, #997 ) ;
#1174 = DIRECTION ( 'NONE',  ( -0.000000000000000000, -1.000000000000000000, -0.000000000000000000 ) ) ;
#1175 = CARTESIAN_POINT ( 'NONE',  ( -2.748317521409981090, 3.189104207480180087, -1.961456777734195134 ) ) ;
#1176 = CARTESIAN_POINT ( 'NONE',  ( -3.967828858438513517, 5.526943720726074538, -2.884838844834137106 ) ) ;
#1177 = ORIENTED_EDGE ( 'NONE', *, *, #1124, .F. ) ;
#1178 = CARTESIAN_POINT ( 'NONE',  ( 2.581717891839138357, 3.557443848151605525, 1.106666091337349611 ) ) ;
#1179 = CARTESIAN_POINT ( 'NONE',  ( -4.225524132752706663, 4.641753958882014253, -1.003023458491525188 ) ) ;
#1180 = CARTESIAN_POINT ( 'NONE',  ( -4.301371277950218897, 4.713310821483856827, -0.8339908554015655895 ) ) ;
#1181 = CARTESIAN_POINT ( 'NONE',  ( -3.750000000000000444, 15.50100000000000122, -2.900000000000000355 ) ) ;
#1182 = ORIENTED_EDGE ( 'NONE', *, *, #1162, .F. ) ;
#1183 = CARTESIAN_POINT ( 'NONE',  ( 3.083409630472587537, 3.810905038133864053, 0.6974407325701601490 ) ) ;
#1184 = ADVANCED_FACE ( 'NONE', ( #1185 ), #653, .F. ) ;
#1185 = FACE_OUTER_BOUND ( 'NONE', #35, .T. ) ;
#1186 = CARTESIAN_POINT ( 'NONE',  ( -2.961609092210942151, 4.355308924722760544, -2.750454908976258217 ) ) ;
#1187 = CARTESIAN_POINT ( 'NONE',  ( 3.750000000000180300, 3.879711367161139179, 0.9000000000000013545 ) ) ;
#1188 = ORIENTED_EDGE ( 'NONE', *, *, #930, .T. ) ;
#1189 = CARTESIAN_POINT ( 'NONE',  ( -3.882079196457088432, 4.349077187848541470, -0.8892806884751646157 ) ) ;
#1190 = VECTOR ( 'NONE', #770, 1000.000000000000000 ) ;
#1191 = EDGE_CURVE ( 'NONE', #151, #146, #377, .T. ) ;
#1192 = CARTESIAN_POINT ( 'NONE',  ( 7.048691602742868843E-15, 9.250000000000001776, 1.750000000000000444 ) ) ;
#1193 = AXIS2_PLACEMENT_3D ( 'NONE', #60, #1166, #44 ) ;
#1194 = ORIENTED_EDGE ( 'NONE', *, *, #495, .F. ) ;
#1195 = ORIENTED_EDGE ( 'NONE', *, *, #1162, .T. ) ;
#1196 = CYLINDRICAL_SURFACE ( 'NONE', #853, 1.000000000000000222 ) ;
#1197 = CARTESIAN_POINT ( 'NONE',  ( -4.736670392998460599, 5.170987316879600115, -1.409198925335006791 ) ) ;
#1198 = CARTESIAN_POINT ( 'NONE',  ( 7.048691602742868843E-15, 9.250000000000001776, 1.750000000000000444 ) ) ;
#1199 = VERTEX_POINT ( 'NONE', #204 ) ;
#1200 = ADVANCED_FACE ( 'NONE', ( #909 ), #234, .T. ) ;
#1201 = ORIENTED_EDGE ( 'NONE', *, *, #205, .F. ) ;
#1202 = CARTESIAN_POINT ( 'NONE',  ( -4.810417134555817320, 5.259713419869227913, -1.750000000000000666 ) ) ;
#1203 = CARTESIAN_POINT ( 'NONE',  ( -4.185484149706595325, 4.605493687669078184, -0.7574770681093894176 ) ) ;
#1204 = CARTESIAN_POINT ( 'NONE',  ( 2.413183809351344244, 3.585058034531328985, 2.219461686752338014 ) ) ;
#1205 = EDGE_LOOP ( 'NONE', ( #346, #248, #988, #53 ) ) ;
#1206 = EDGE_LOOP ( 'NONE', ( #809, #574 ) ) ;
#1207 = CARTESIAN_POINT ( 'NONE',  ( -3.750000000000000444, 0.000000000000000000, -1.899999999999999911 ) ) ;
#1208 = AXIS2_PLACEMENT_3D ( 'NONE', #869, #1142, #1249 ) ;
#1209 = CARTESIAN_POINT ( 'NONE',  ( 4.505946566765767436, 5.379732800792023539, 2.560419822567391979 ) ) ;
#1210 = B_SPLINE_CURVE_WITH_KNOTS ( 'NONE', 3,
 ( #1187, #89, #278, #891, #1287, #787, #27, #139, #1116, #536 ),
 .UNSPECIFIED., .F., .F.,
 ( 4, 2, 2, 2, 4 ),
 ( 0.001672313596355772198, 0.002153984313336395305, 0.002635655030317018629, 0.003117325747297641954, 0.003598996464278264844 ),
 .UNSPECIFIED. ) ;
#1211 = CARTESIAN_POINT ( 'NONE',  ( 3.750000000000000000, 0.5999999999999998668, 1.899999999999999911 ) ) ;
#1212 = CARTESIAN_POINT ( 'NONE',  ( 7.048691602742868843E-15, 9.250000000000001776, -2.950000000000000178 ) ) ;
#1213 = CARTESIAN_POINT ( 'NONE',  ( -4.073858166994675400, 5.460148018404675341, -2.848941854208169921 ) ) ;
#1214 = CARTESIAN_POINT ( 'NONE',  ( -2.346071415062503718, 3.457034531828574675, -1.750000000000000666 ) ) ;
#1215 = CARTESIAN_POINT ( 'NONE',  ( 4.835176627667994609, 5.289561774747480349, 1.928704285684378572 ) ) ;
#1216 = DIRECTION ( 'NONE',  ( 0.000000000000000000, 0.000000000000000000, 1.000000000000000000 ) ) ;
#1217 = CARTESIAN_POINT ( 'NONE',  ( -3.750000000000000444, 0.000000000000000000, -1.899999999999999911 ) ) ;
#1218 = CARTESIAN_POINT ( 'NONE',  ( 3.750000000000000000, 15.50100000000000122, 0.9000000000000012434 ) ) ;
#1219 = ORIENTED_EDGE ( 'NONE', *, *, #1084, .F. ) ;
#1220 = CARTESIAN_POINT ( 'NONE',  ( -3.934635092793487665, 4.391156193158201937, -0.6466655999185474402 ) ) ;
#1221 = EDGE_CURVE ( 'NONE', #1299, #331, #1120, .T. ) ;
#1222 = CARTESIAN_POINT ( 'NONE',  ( -3.750000000000000444, -20.00000000000000000, -1.899999999999999911 ) ) ;
#1223 = B_SPLINE_CURVE_WITH_KNOTS ( 'NONE', 3,
 ( #401, #819, #271, #293, #580, #612, #672, #1180, #1203, #1220, #1018, #408, #985, #394, #118, #210, #1119, #1079, #607, #307 ),
 .UNSPECIFIED., .F., .F.,
 ( 4, 2, 2, 2, 2, 2, 2, 2, 2, 4 ),
 ( 6.505213034913026604E-19, 0.0002600947807304097316, 0.0005201895614608188128, 0.001040379122921637409, 0.001560568684382455896, 0.002080758245843274817, 0.002600947807304092654, 0.003121137368764912226, 0.003641326930225731798, 0.004161516491686551369 ),
 .UNSPECIFIED. ) ;
#1224 = CARTESIAN_POINT ( 'NONE',  ( -4.737075267023975300, 5.140793827683757478, -2.133402749807557619 ) ) ;
#1225 = VERTEX_POINT ( 'NONE', #25 ) ;
#1226 = CARTESIAN_POINT ( 'NONE',  ( 3.532185678636948101, 5.081146060479573734, 2.878995451420522045 ) ) ;
#1227 = VECTOR ( 'NONE', #627, 1000.000000000000000 ) ;
#1228 = CARTESIAN_POINT ( 'NONE',  ( -2.792560455970028332, 3.643902339809638846, -1.582340922501819014 ) ) ;
#1229 = ADVANCED_FACE ( 'NONE', ( #402 ), #551, .T. ) ;
#1230 = CARTESIAN_POINT ( 'NONE',  ( -3.750000000000000444, -20.00000000000000000, -1.499999999999999556 ) ) ;
#1231 = CARTESIAN_POINT ( 'NONE',  ( -3.746224082644787234, 5.316087176968039785, -2.900584413919837790 ) ) ;
#1232 = ORIENTED_EDGE ( 'NONE', *, *, #24, .T. ) ;
#1233 = TOROIDAL_SURFACE ( 'NONE', #1025, 0.4000000000000002998, 0.5999999999999999778 ) ;
#1234 = CARTESIAN_POINT ( 'NONE',  ( -3.750000000000181188, 3.879711367161149838, -0.8999999999999996891 ) ) ;
#1235 = CARTESIAN_POINT ( 'NONE',  ( 7.048691602742868843E-15, 9.250000000000001776, 2.950000000000000178 ) ) ;
#1236 = CARTESIAN_POINT ( 'NONE',  ( 3.750000000000000000, 0.000000000000000000, 1.499999999999999556 ) ) ;
#1237 = CARTESIAN_POINT ( 'NONE',  ( -4.648432976343874756, 5.307881859529280710, -2.347648761286758479 ) ) ;
#1238 = ORIENTED_EDGE ( 'NONE', *, *, #123, .F. ) ;
#1239 = EDGE_CURVE ( 'NONE', #193, #858, #486, .T. ) ;
#1240 = CARTESIAN_POINT ( 'NONE',  ( 2.883856863315037433, 3.501628012054539774, 2.404018201747657457 ) ) ;
#1241 = CARTESIAN_POINT ( 'NONE',  ( 3.750000000000000000, 5.317255588946345313, 2.899999999999999023 ) ) ;
#1242 = DIRECTION ( 'NONE',  ( -0.000000000000000000, -0.000000000000000000, -1.000000000000000000 ) ) ;
#1243 = CARTESIAN_POINT ( 'NONE',  ( -2.756679109988849241, 3.178972189356347844, -1.784615384615385159 ) ) ;
#1244 = CARTESIAN_POINT ( 'NONE',  ( 2.772733588613718769, 3.187424585572101510, 1.646405893313949376 ) ) ;
#1245 = ORIENTED_EDGE ( 'NONE', *, *, #689, .F. ) ;
#1246 = EDGE_CURVE ( 'NONE', #63, #1076, #224, .T. ) ;
#1247 = CARTESIAN_POINT ( 'NONE',  ( 3.370230809681427964, 4.803961892462980998, 2.835262622074293581 ) ) ;
#1248 = AXIS2_PLACEMENT_3D ( 'NONE', #65, #333, #846 ) ;
#1249 = DIRECTION ( 'NONE',  ( 0.000000000000000000, 0.000000000000000000, -1.000000000000000000 ) ) ;
#1250 = CARTESIAN_POINT ( 'NONE',  ( 3.470595181565866216, 4.799569677056001460, 2.861481321008700007 ) ) ;
#1251 = CARTESIAN_POINT ( 'NONE',  ( -2.761712069408869930, 3.697033348782268192, -2.160094213263646257 ) ) ;
#1252 = EDGE_LOOP ( 'NONE', ( #21, #1097 ) ) ;
#1253 =( GEOMETRIC_REPRESENTATION_CONTEXT ( 3 ) GLOBAL_UNCERTAINTY_ASSIGNED_CONTEXT ( ( #546 ) ) GLOBAL_UNIT_ASSIGNED_CONTEXT ( ( #759, #779, #669 ) ) REPRESENTATION_CONTEXT ( 'NONE', 'WORKASPACE' ) );
#1254 = AXIS2_PLACEMENT_3D ( 'NONE', #1212, #1296, #603 ) ;
#1255 = CARTESIAN_POINT ( 'NONE',  ( 3.199326294951220895, 4.187653091517044679, 2.740053561495517265 ) ) ;
#1256 = CIRCLE ( 'NONE', #1127, 0.3000000000000000444 ) ;
#1257 = DIRECTION ( 'NONE',  ( 0.000000000000000000, 0.000000000000000000, 1.000000000000000000 ) ) ;
#1258 = ADVANCED_FACE ( 'NONE', ( #734 ), #805, .F. ) ;
#1259 = FACE_OUTER_BOUND ( 'NONE', #463, .T. ) ;
#1260 = CARTESIAN_POINT ( 'NONE',  ( -2.752432109245072311, 3.205127866424231531, -2.025225116723462726 ) ) ;
#1261 = CARTESIAN_POINT ( 'NONE',  ( -2.399730928080326731, 3.565703349474832251, -2.188416448811222992 ) ) ;
#1262 = VERTEX_POINT ( 'NONE', #1108 ) ;
#1263 = DIRECTION ( 'NONE',  ( 0.000000000000000000, -0.000000000000000000, 1.000000000000000000 ) ) ;
#1264 = CARTESIAN_POINT ( 'NONE',  ( -2.458682842985504102, 3.178972189356346068, -1.750000000000000666 ) ) ;
#1265 = CARTESIAN_POINT ( 'NONE',  ( -2.756679109988849241, 3.178972189356347844, -1.784615384615385159 ) ) ;
#1266 = DIRECTION ( 'NONE',  ( 0.000000000000000000, 0.000000000000000000, 1.000000000000000000 ) ) ;
#1267 = EDGE_LOOP ( 'NONE', ( #1219, #392, #157, #28 ) ) ;
#1268 = CARTESIAN_POINT ( 'NONE',  ( 4.499314807194169319, 4.909547756176078970, 1.017546454546801815 ) ) ;
#1269 = DIRECTION ( 'NONE',  ( 0.000000000000000000, 1.000000000000000000, 0.000000000000000000 ) ) ;
#1270 = CARTESIAN_POINT ( 'NONE',  ( -2.616284726127600546, 3.867705907339702875, -2.506545911291461426 ) ) ;
#1271 = AXIS2_PLACEMENT_3D ( 'NONE', #717, #834, #506 ) ;
#1272 = CARTESIAN_POINT ( 'NONE',  ( 3.750000000000000000, 0.000000000000000000, 1.899999999999999911 ) ) ;
#1273 = ORIENTED_EDGE ( 'NONE', *, *, #308, .F. ) ;
#1274 = CARTESIAN_POINT ( 'NONE',  ( 4.327022774165654617, 4.488252060965931989, 1.075881667952858001 ) ) ;
#1275 = TOROIDAL_SURFACE ( 'NONE', #1064, 0.4000000000000002998, 0.5999999999999999778 ) ;
#1276 = CARTESIAN_POINT ( 'NONE',  ( -4.033980588353599295, 4.154503521530001464, -0.9350718909709562210 ) ) ;
#1277 = CARTESIAN_POINT ( 'NONE',  ( 3.839590257079958935, 5.446784437922152833, 2.897121440306735796 ) ) ;
#1278 = CARTESIAN_POINT ( 'NONE',  ( -4.822685432271782702, 5.293094951748130939, -1.944787921570163558 ) ) ;
#1279 = VERTEX_POINT ( 'NONE', #314 ) ;
#1280 = EDGE_CURVE ( 'NONE', #1199, #385, #276, .T. ) ;
#1281 = CARTESIAN_POINT ( 'NONE',  ( -3.763028204685231248, 4.257667740410304269, -0.8802279365316303394 ) ) ;
#1282 = DIRECTION ( 'NONE',  ( 0.000000000000000000, -1.000000000000000000, 0.000000000000000000 ) ) ;
#1283 = CARTESIAN_POINT ( 'NONE',  ( -4.654436715846735240, 5.208788795487219403, -2.349928378586271904 ) ) ;
#1284 = VERTEX_POINT ( 'NONE', #119 ) ;
#1285 = CARTESIAN_POINT ( 'NONE',  ( -3.750000000000000444, 0.5999999999999946487, -1.899999999999999911 ) ) ;
#1286 = CARTESIAN_POINT ( 'NONE',  ( -4.499237629735092447, 5.467660462531638288, -2.637835983966763997 ) ) ;
#1287 = CARTESIAN_POINT ( 'NONE',  ( 4.285791777033724159, 4.437918984451829196, 1.048225790174295513 ) ) ;
#1288 = AXIS2_PLACEMENT_3D ( 'NONE', #1211, #395, #1216 ) ;
#1289 = VERTEX_POINT ( 'NONE', #1027 ) ;
#1290 = CARTESIAN_POINT ( 'NONE',  ( 3.409886685589420985, 4.010689881838853665, 0.9362088444982785695 ) ) ;
#1291 = CARTESIAN_POINT ( 'NONE',  ( 3.892812560748026840, 5.437571388705335629, 2.890403184431631356 ) ) ;
#1292 = CARTESIAN_POINT ( 'NONE',  ( -3.358755138821055031, 3.555568868295293505, -0.9719508324712705649 ) ) ;
#1293 = AXIS2_PLACEMENT_3D ( 'NONE', #591, #503, #583 ) ;
#1294 = EDGE_CURVE ( 'NONE', #690, #1076, #338, .T. ) ;
#1295 = MECHANICAL_DESIGN_GEOMETRIC_PRESENTATION_REPRESENTATION (  '', ( #726 ), #180 ) ;
#1296 = DIRECTION ( 'NONE',  ( 0.000000000000000000, 0.000000000000000000, 1.000000000000000000 ) ) ;
#1297 = AXIS2_PLACEMENT_3D ( 'NONE', #577, #471, #256 ) ;
#1298 = CYLINDRICAL_SURFACE ( 'NONE', #302, 0.9999999999999986677 ) ;
#1299 = VERTEX_POINT ( 'NONE', #126 ) ;
#1300 = DIRECTION ( 'NONE',  ( 0.000000000000000000, 0.000000000000000000, -1.000000000000000000 ) ) ;
#1301 = CARTESIAN_POINT ( 'NONE',  ( 4.648432976343824130, 5.307881859529357982, 2.347648761286780683 ) ) ;
#1302 = CARTESIAN_POINT ( 'NONE',  ( -4.566836541670110883, 4.804631818657885134, -1.310570982177658106 ) ) ;
ENDSEC;
END-ISO-10303-21;
